Date,Close,Returns,Sorted Returns,,Replication,Simulated Returns,,Calculation of Value at Risk,,,,
29-01-2024,1437.41,26.72%,7.02%,,1,2.64%,,,,,,
25-11-2021,1134.32,19.42%,6.02%,,2,4.97%,,Histroical Approach,,,,
28-05-2021,949.85,-20.46%,6.01%,,3,-0.19%,,Mean,,,,1.66%
20-05-2022,1194.16,-20.35%,5.83%,,4,1.49%,,Standard Deviation,,,,1.42%
03-06-2024,1499.23,39.97%,5.59%,,5,2.09%,,Min ,,,,-7.49%
09-03-2022,1071.14,-21.43%,5.31%,,6,4.50%,,Max,,,,7.02%
28-04-2025,1363.35,28.12%,5.26%,,7,2.79%,,CMP,,,,1361
31-03-2023,1064.12,-25.63%,4.31%,,8,0.90%,,,,,,
12-05-2025,1430.79,24.33%,4.31%,,9,2.83%,,Histroical Approach,,,,
17-05-2022,1150.79,-23.43%,4.20%,,10,0.08%,,Mean,,,,1.61%
26-06-2024,1502.90,38.29%,4.12%,,11,0.84%,,Standard Deviation,,,,1.41%
03-09-2021,1086.80,-12.95%,4.10%,,12,-1.27%,,Min ,,,,-2.67%
10-07-2023,1248.54,2.72%,3.85%,,13,1.24%,,Max,,,,5.91%
08-10-2021,1215.45,1.15%,3.84%,,14,3.07%,,CMP,,,,1361
19-04-2022,1201.60,-18.91%,3.81%,,15,1.31%,,,,,,
27-03-2024,1481.88,1.03%,3.56%,,16,3.17%,,Percentile,Confidence,VAR,Stock Price, VAR(INR)
20-10-2025,1466.80,20.97%,3.53%,,17,0.93%,,10.00%,90.00%,-0.11%,1362.43,-1.43
30-05-2022,1212.52,-3.80%,3.48%,,18,-1.00%,,5.00%,95.00%,-0.66%,1370.02,-9.02
22-11-2024,1260.37,1.68%,3.47%,,19,0.88%,,1.00%,99.00%,-1.60%,1382.84,-21.84
02-06-2022,1239.59,0.29%,3.45%,,20,0.62%,,0.50%,99.50%,-2.00%,1388.20,-27.20
28-11-2022,1235.99,12.34%,3.44%,,21,0.30%,,,,,,
15-02-2022,1100.20,-23.44%,3.40%,,22,0.23%,,,,,,
03-02-2026,1437.10,15.45%,3.36%,,23,2.58%,,,,,,
07-03-2025,1244.83,-7.64%,3.32%,,24,0.92%,,,,,,
08-04-2026,1347.80,25.54%,3.31%,,25,0.99%,,,,,,
28-02-2022,1073.62,-22.73%,3.31%,,26,3.23%,,,,,,
05-03-2026,1389.40,23.04%,3.30%,,27,-0.12%,,,,,,
17-03-2022,1129.20,-11.79%,3.26%,,28,5.00%,,,,,,
04-02-2025,1280.09,30.68%,3.15%,,29,3.20%,,,,,,
31-05-2021,979.55,-5.46%,3.13%,,30,0.01%,,,,,,
21-03-2023,1036.11,-10.15%,3.11%,,31,0.47%,,,,,,
28-10-2022,1153.18,-8.69%,3.06%,,32,1.43%,,,,,,
26-04-2022,1262.95,2.10%,2.99%,,33,1.16%,,,,,,
20-04-2022,1236.93,2.67%,2.94%,,34,0.35%,,,,,,
06-03-2025,1204.79,-11.79%,2.89%,,35,0.55%,,,,,,
27-04-2026,1365.80,7.59%,2.86%,,36,0.26%,,,,,,
17-04-2025,1269.43,-2.14%,2.84%,,37,1.21%,,,,,,
17-01-2025,1297.17,6.84%,2.83%,,38,4.52%,,,,,,
11-04-2025,1214.10,-10.71%,2.83%,,39,0.39%,,,,,,
20-05-2026,1359.70,-4.25%,2.80%,,40,0.72%,,,,,,
19-08-2025,1420.10,11.51%,2.78%,,41,-0.80%,,,,,,
09-06-2022,1273.46,11.30%,2.74%,,42,1.54%,,,,,,
26-05-2023,1144.21,0.47%,2.73%,,43,0.05%,,,,,,
20-07-2022,1138.90,-13.41%,2.70%,,44,5.48%,,,,,,
10-01-2024,1315.31,-9.86%,2.70%,,45,-1.01%,,,,,,
07-06-2024,1459.15,27.20%,2.68%,,46,1.59%,,,,,,
12-01-2022,1147.13,-15.02%,2.67%,,47,1.58%,,,,,,
11-01-2024,1349.91,-5.30%,2.63%,,48,2.97%,,,,,,
29-04-2026,1425.40,21.66%,2.63%,,49,1.86%,,,,,,
01-08-2022,1171.59,1.73%,2.61%,,50,1.92%,,,,,,
22-03-2022,1151.70,-3.55%,2.58%,,51,1.45%,,,,,,
03-07-2023,1194.06,6.37%,2.57%,,52,0.86%,,,,,,
01-12-2021,1122.51,3.08%,2.56%,,53,0.06%,,,,,,
03-03-2023,1088.93,-3.88%,2.55%,,54,1.89%,,,,,,
23-09-2021,1132.93,5.23%,2.44%,,55,1.28%,,,,,,
22-12-2021,1076.60,-9.18%,2.37%,,56,2.30%,,,,,,
09-01-2023,1185.43,9.20%,2.36%,,57,1.21%,,,,,,
14-02-2023,1085.59,-14.24%,2.36%,,58,1.93%,,,,,,
21-04-2022,1265.89,5.37%,2.34%,,59,2.54%,,,,,,
11-11-2022,1201.41,-17.73%,2.31%,,60,1.98%,,,,,,
20-06-2025,1460.37,20.61%,2.30%,,61,2.38%,,,,,,
26-10-2021,1210.81,-22.08%,2.28%,,62,1.32%,,,,,,
28-06-2024,1553.90,39.97%,2.28%,,63,1.35%,,,,,,
15-02-2023,1110.18,-24.12%,2.26%,,64,3.81%,,,,,,
04-05-2026,1463.10,4.95%,2.26%,,65,0.99%,,,,,,
29-04-2025,1394.13,24.65%,2.26%,,66,2.72%,,,,,,
04-01-2022,1118.46,3.04%,2.26%,,67,1.00%,,,,,,
30-09-2022,1085.43,-26.86%,2.26%,,68,0.20%,,,,,,
27-10-2025,1484.10,-5.89%,2.24%,,69,1.45%,,,,,,
05-07-2024,1576.95,17.32%,2.23%,,70,-0.55%,,,,,,
15-04-2026,1344.10,-7.11%,2.21%,,71,1.54%,,,,,,
02-02-2024,1446.99,33.25%,2.18%,,72,-2.57%,,,,,,
31-01-2022,1085.93,-26.68%,2.17%,,73,-0.10%,,,,,,
01-03-2024,1481.16,4.72%,2.14%,,74,2.35%,,,,,,
20-03-2026,1414.40,23.87%,2.14%,,75,2.54%,,,,,,
29-07-2022,1141.83,-19.10%,2.13%,,76,1.10%,,,,,,
29-07-2025,1411.46,17.17%,2.13%,,77,4.97%,,,,,,
06-07-2023,1204.58,9.03%,2.10%,,78,1.49%,,,,,,
16-09-2021,1104.86,-23.72%,2.10%,,79,5.29%,,,,,,
15-05-2025,1448.42,22.00%,2.09%,,80,2.25%,,,,,,
05-10-2021,1187.22,1.13%,2.08%,,81,0.22%,,,,,,
29-06-2022,1174.00,2.29%,2.08%,,82,2.39%,,,,,,
30-10-2023,1147.76,-10.10%,2.06%,,83,2.99%,,,,,,
17-07-2023,1276.68,0.95%,2.04%,,84,2.96%,,,,,,
03-06-2022,1264.71,-2.48%,2.03%,,85,4.35%,,,,,,
24-03-2025,1296.92,20.79%,2.02%,,86,1.43%,,,,,,
08-02-2023,1073.66,-30.69%,2.00%,,87,2.36%,,,,,,
20-11-2025,1549.10,-1.36%,1.99%,,88,2.69%,,,,,,
31-12-2025,1570.40,24.59%,1.99%,,89,3.06%,,,,,,
08-01-2025,1260.47,-19.71%,1.99%,,90,1.65%,,,,,,
26-11-2025,1569.90,6.51%,1.96%,,91,5.08%,,,,,,
12-09-2024,1473.91,5.90%,1.95%,,92,2.16%,,,,,,
08-10-2024,1391.79,34.73%,1.94%,,93,3.17%,,,,,,
30-08-2021,1032.99,-15.07%,1.92%,,94,2.03%,,,,,,
30-03-2022,1216.22,-18.34%,1.92%,,95,4.48%,,,,,,
26-06-2025,1489.35,-2.02%,1.91%,,96,1.31%,,,,,,
27-09-2024,1520.10,11.02%,1.88%,,97,0.47%,,,,,,
01-04-2026,1369.20,10.78%,1.88%,,98,2.54%,,,,,,
07-01-2025,1235.91,-18.81%,1.88%,,99,1.78%,,,,,,
01-07-2025,1522.32,38.19%,1.85%,,100,1.00%,,,,,,
04-10-2022,1101.62,-0.30%,1.84%,,101,1.49%,,,,,,
28-04-2023,1104.95,17.17%,1.83%,,102,-0.65%,,,,,,
02-08-2021,943.01,-19.37%,1.83%,,103,0.13%,,,,,,
15-11-2023,1169.57,-20.71%,1.81%,,104,-0.76%,,,,,,
08-04-2024,1475.06,31.17%,1.77%,,105,2.49%,,,,,,
27-10-2023,1124.58,0.50%,1.77%,,106,2.44%,,,,,,
18-10-2022,1118.99,-11.48%,1.76%,,107,0.50%,,,,,,
20-03-2025,1264.10,-9.60%,1.76%,,108,3.42%,,,,,,
16-10-2025,1398.30,22.82%,1.75%,,109,-0.66%,,,,,,
19-10-2022,1138.46,-22.82%,1.74%,,110,0.79%,,,,,,
23-05-2024,1475.13,0.80%,1.74%,,111,2.19%,,,,,,
09-08-2024,1463.47,18.48%,1.74%,,112,0.08%,,,,,,
15-04-2025,1235.17,22.66%,1.74%,,113,1.52%,,,,,,
11-06-2021,1007.01,-30.55%,1.73%,,114,0.02%,,,,,,
22-05-2024,1449.92,4.77%,1.71%,,115,1.99%,,,,,,
15-01-2024,1383.88,7.96%,1.71%,,116,2.42%,,,,,,
25-11-2024,1281.88,-7.71%,1.71%,,117,-0.59%,,,,,,
28-04-2026,1388.90,27.01%,1.69%,,118,1.25%,,,,,,
16-03-2022,1093.55,8.28%,1.69%,,119,0.51%,,,,,,
07-06-2021,1009.97,-21.53%,1.68%,,120,2.03%,,,,,,
29-11-2024,1287.06,4.06%,1.68%,,121,0.03%,,,,,,
02-01-2025,1236.86,7.68%,1.68%,,122,1.63%,,,,,,
27-09-2021,1148.66,7.15%,1.68%,,123,1.47%,,,,,,
08-02-2022,1072.03,-23.99%,1.68%,,124,0.55%,,,,,,
05-06-2024,1410.31,44.46%,1.68%,,125,2.19%,,,,,,
13-08-2021,976.30,-17.97%,1.67%,,126,0.63%,,,,,,
08-04-2022,1190.15,9.05%,1.66%,,127,3.20%,,,,,,
02-03-2022,1091.37,-15.42%,1.65%,,128,2.36%,,,,,,
21-04-2025,1290.35,3.28%,1.65%,,129,2.40%,,,,,,
26-07-2023,1249.41,14.78%,1.63%,,130,2.54%,,,,,,
10-03-2022,1088.50,-9.14%,1.62%,,131,2.07%,,,,,,
12-08-2022,1198.05,-12.23%,1.62%,,132,0.27%,,,,,,
17-04-2026,1365.00,16.09%,1.62%,,133,3.19%,,,,,,
21-06-2022,1175.80,6.93%,1.61%,,134,-0.41%,,,,,,
17-10-2022,1099.59,-5.53%,1.61%,,135,2.57%,,,,,,
11-10-2023,1163.91,4.13%,1.59%,,136,-0.02%,,,,,,
09-12-2021,1117.71,-0.03%,1.59%,,137,1.03%,,,,,,
28-07-2022,1118.01,-25.27%,1.57%,,138,4.42%,,,,,,
06-11-2025,1496.10,46.47%,1.56%,,139,1.11%,,,,,,
27-03-2023,1021.43,-12.94%,1.55%,,140,-0.60%,,,,,,
24-03-2022,1173.32,6.31%,1.55%,,141,1.24%,,,,,,
06-09-2021,1103.68,-5.92%,1.55%,,142,1.93%,,,,,,
05-09-2022,1173.11,-2.58%,1.55%,,143,0.90%,,,,,,
30-08-2022,1204.22,-0.33%,1.55%,,144,-1.85%,,,,,,
23-08-2022,1208.26,-8.47%,1.54%,,145,0.67%,,,,,,
06-11-2024,1320.08,19.98%,1.54%,,146,4.38%,,,,,,
08-12-2021,1100.26,-18.51%,1.52%,,147,2.62%,,,,,,
10-04-2026,1350.20,-10.87%,1.52%,,148,1.90%,,,,,,
29-08-2024,1514.87,28.39%,1.51%,,149,0.67%,,,,,,
12-11-2021,1179.89,7.87%,1.51%,,150,1.51%,,,,,,
03-01-2022,1093.78,-23.45%,1.51%,,151,1.27%,,,,,,
18-03-2024,1428.90,11.37%,1.50%,,152,0.41%,,,,,,
28-04-2022,1283.07,7.38%,1.49%,,153,-0.33%,,,,,,
25-11-2022,1194.93,19.72%,1.49%,,154,0.76%,,,,,,
02-06-2021,998.12,-5.09%,1.49%,,155,2.22%,,,,,,
21-12-2021,1051.65,8.56%,1.49%,,156,0.44%,,,,,,
02-07-2021,968.74,-15.82%,1.48%,,157,2.39%,,,,,,
13-06-2023,1150.76,-9.36%,1.48%,,158,2.10%,,,,,,
19-12-2023,1269.65,7.27%,1.47%,,159,0.18%,,,,,,
04-11-2022,1183.58,21.88%,1.47%,,160,0.47%,,,,,,
05-08-2021,971.11,1.03%,1.45%,,161,2.83%,,,,,,
16-07-2021,961.17,-5.90%,1.44%,,162,2.27%,,,,,,
14-06-2021,1021.46,-10.21%,1.43%,,163,2.59%,,,,,,
24-06-2022,1137.55,-8.85%,1.42%,,164,3.96%,,,,,,
30-01-2025,1248.07,10.30%,1.42%,,165,1.61%,,,,,,
17-01-2023,1131.56,-3.90%,1.42%,,166,3.75%,,,,,,
08-04-2025,1177.50,-3.28%,1.42%,,167,1.23%,,,,,,
23-12-2024,1217.44,5.85%,1.41%,,168,1.59%,,,,,,
28-06-2022,1150.13,19.38%,1.41%,,169,-0.50%,,,,,,
11-08-2021,963.40,-24.25%,1.40%,,170,2.93%,,,,,,
21-12-2023,1271.86,-12.69%,1.40%,,171,4.38%,,,,,,
04-02-2026,1456.80,2.30%,1.37%,,172,0.87%,,,,,,
09-03-2026,1424.00,14.73%,1.37%,,173,0.12%,,,,,,
04-08-2023,1241.17,12.54%,1.36%,,174,0.42%,,,,,,
11-07-2022,1102.90,-22.12%,1.36%,,175,1.52%,,,,,,
31-01-2024,1416.14,2.57%,1.35%,,176,0.39%,,,,,,
11-08-2025,1380.69,-8.53%,1.35%,,177,2.08%,,,,,,
27-06-2025,1509.37,-3.56%,1.34%,,178,2.28%,,,,,,
19-12-2025,1565.10,8.94%,1.34%,,179,3.65%,,,,,,
05-06-2025,1436.66,24.42%,1.33%,,180,0.65%,,,,,,
28-06-2023,1154.71,-18.50%,1.32%,,181,2.33%,,,,,,
17-10-2025,1416.80,19.40%,1.32%,,182,2.29%,,,,,,
19-12-2022,1186.57,-9.00%,1.31%,,183,-1.05%,,,,,,
02-12-2024,1303.94,11.63%,1.31%,,184,3.57%,,,,,,
08-08-2022,1168.08,-18.49%,1.31%,,185,-0.12%,,,,,,
20-03-2024,1433.14,44.91%,1.30%,,186,0.57%,,,,,,
16-08-2021,988.97,-9.58%,1.30%,,187,1.21%,,,,,,
16-12-2021,1093.80,-24.11%,1.29%,,188,2.11%,,,,,,
18-02-2026,1441.30,23.92%,1.29%,,189,1.07%,,,,,,
04-10-2021,1163.08,20.53%,1.29%,,190,2.32%,,,,,,
22-07-2021,964.94,-31.94%,1.28%,,191,4.61%,,,,,,
04-06-2025,1417.84,0.85%,1.28%,,192,0.17%,,,,,,
04-08-2025,1405.89,13.50%,1.28%,,193,2.06%,,,,,,
15-12-2023,1238.63,11.41%,1.28%,,194,2.48%,,,,,,
17-02-2022,1111.82,9.55%,1.27%,,195,2.69%,,,,,,
26-08-2021,1014.88,-14.04%,1.26%,,196,1.58%,,,,,,
21-11-2023,1180.71,13.61%,1.26%,,197,0.14%,,,,,,
25-02-2022,1039.22,-17.69%,1.25%,,198,-0.42%,,,,,,
14-11-2024,1262.56,3.23%,1.24%,,199,3.04%,,,,,,
14-12-2023,1223.02,-13.24%,1.24%,,200,4.41%,,,,,,
14-05-2024,1409.64,24.92%,1.24%,,201,3.02%,,,,,,
08-05-2023,1128.41,-20.60%,1.23%,,202,0.08%,,,,,,
23-05-2025,1421.12,-1.11%,1.23%,,203,1.18%,,,,,,
16-02-2026,1437.10,23.37%,1.23%,,204,0.81%,,,,,,
14-06-2023,1164.91,-17.27%,1.23%,,205,0.68%,,,,,,
08-05-2024,1408.13,-6.84%,1.22%,,206,-0.60%,,,,,,
12-11-2025,1511.50,44.78%,1.21%,,207,0.57%,,,,,,
02-09-2021,1043.98,-6.02%,1.20%,,208,1.21%,,,,,,
29-11-2021,1110.91,1.80%,1.20%,,209,3.16%,,,,,,
28-12-2021,1091.30,-14.38%,1.19%,,210,0.02%,,,,,,
14-08-2023,1274.65,8.86%,1.18%,,211,3.08%,,,,,,
05-03-2025,1170.92,-16.16%,1.18%,,212,2.53%,,,,,,
28-01-2026,1396.70,18.52%,1.17%,,213,4.26%,,,,,,
17-06-2022,1178.48,8.66%,1.17%,,214,1.83%,,,,,,
09-02-2022,1084.52,-27.90%,1.17%,,215,0.39%,,,,,,
29-10-2025,1504.20,9.40%,1.16%,,216,1.32%,,,,,,
05-09-2025,1375.00,23.04%,1.16%,,217,1.79%,,,,,,
04-05-2023,1117.50,-16.23%,1.15%,,218,0.97%,,,,,,
24-01-2024,1334.00,5.75%,1.15%,,219,0.53%,,,,,,
16-01-2025,1261.41,-13.69%,1.14%,,220,3.23%,,,,,,
25-06-2025,1461.46,32.36%,1.14%,,221,3.05%,,,,,,
13-05-2022,1104.13,-6.09%,1.13%,,222,1.96%,,,,,,
27-09-2023,1175.75,-0.01%,1.13%,,223,0.02%,,,,,,
02-01-2023,1175.89,-0.85%,1.13%,,224,3.62%,,,,,,
12-09-2022,1186.00,-19.17%,1.12%,,225,3.27%,,,,,,
16-08-2024,1467.34,26.47%,1.12%,,226,0.53%,,,,,,
10-11-2021,1160.24,-22.54%,1.12%,,227,3.38%,,,,,,
26-07-2024,1497.94,1.87%,1.11%,,228,3.83%,,,,,,
14-02-2024,1470.49,4.68%,1.11%,,229,0.58%,,,,,,
06-03-2026,1404.80,-5.08%,1.11%,,230,3.95%,,,,,,
20-09-2024,1480.01,54.11%,1.11%,,231,0.56%,,,,,,
30-06-2021,960.37,-36.79%,1.09%,,232,1.45%,,,,,,
27-06-2024,1519.30,3.45%,1.09%,,233,1.39%,,,,,,
10-04-2024,1468.70,17.76%,1.09%,,234,2.87%,,,,,,
15-01-2025,1247.22,-1.18%,1.09%,,235,3.34%,,,,,,
11-07-2023,1262.08,5.07%,1.08%,,236,1.28%,,,,,,
04-12-2023,1201.21,-8.86%,1.08%,,237,2.47%,,,,,,
03-12-2024,1318.04,7.31%,1.08%,,238,1.14%,,,,,,
11-09-2023,1228.21,11.06%,1.08%,,239,2.07%,,,,,,
22-09-2021,1105.91,-30.55%,1.07%,,240,1.34%,,,,,,
02-01-2026,1592.30,12.60%,1.06%,,241,-0.86%,,,,,,
02-05-2025,1414.15,19.29%,1.05%,,242,2.30%,,,,,,
06-09-2022,1185.45,-15.03%,1.05%,,243,1.49%,,,,,,
16-03-2026,1395.10,-4.63%,1.04%,,244,1.55%,,,,,,
20-06-2024,1462.87,-1.32%,1.03%,,245,1.62%,,,,,,
19-08-2024,1482.48,-0.93%,1.03%,,246,2.16%,,,,,,
04-03-2024,1496.33,19.59%,1.02%,,247,-1.15%,,,,,,
18-12-2023,1251.24,2.04%,1.02%,,248,1.48%,,,,,,
13-10-2021,1226.23,-22.63%,1.02%,,249,0.58%,,,,,,
12-07-2024,1584.99,32.86%,1.02%,,250,2.38%,,,,,,
28-03-2022,1193.02,-16.66%,1.01%,,251,2.63%,,,,,,
07-02-2024,1431.55,14.50%,1.01%,,252,2.16%,,,,,,
28-07-2023,1250.22,-5.06%,1.00%,,253,-0.06%,,,,,,
05-12-2024,1316.79,34.59%,1.00%,,254,1.80%,,,,,,
05-07-2021,978.37,-15.04%,0.99%,,255,1.38%,,,,,,
02-11-2023,1151.58,15.90%,0.99%,,256,1.21%,,,,,,
24-08-2021,993.61,-9.64%,0.99%,,257,0.87%,,,,,,
06-03-2023,1099.56,-6.55%,0.98%,,258,1.20%,,,,,,
16-06-2023,1176.57,-6.63%,0.97%,,259,4.15%,,,,,,
31-01-2025,1260.07,16.97%,0.96%,,260,0.22%,,,,,,
30-01-2023,1077.22,-11.81%,0.96%,,261,0.58%,,,,,,
06-12-2023,1221.51,-16.95%,0.96%,,262,1.37%,,,,,,
22-02-2024,1470.86,5.28%,0.96%,,263,2.86%,,,,,,
10-05-2024,1397.08,28.69%,0.95%,,264,0.60%,,,,,,
23-11-2021,1085.59,-6.37%,0.93%,,265,1.32%,,,,,,
28-09-2021,1159.39,-15.16%,0.93%,,266,0.40%,,,,,,
02-09-2025,1366.50,-11.00%,0.93%,,267,1.35%,,,,,,
07-07-2025,1535.37,31.92%,0.93%,,268,-0.66%,,,,,,
31-10-2022,1163.88,-14.86%,0.93%,,269,0.20%,,,,,,
25-05-2026,1367.00,27.76%,0.92%,,270,2.65%,,,,,,
01-03-2023,1069.98,-26.87%,0.92%,,271,0.07%,,,,,,
19-02-2024,1463.17,26.34%,0.92%,,272,0.18%,,,,,,
06-01-2023,1158.09,2.41%,0.91%,,273,1.20%,,,,,,
05-06-2023,1130.86,-9.02%,0.90%,,274,5.27%,,,,,,
19-10-2021,1243.02,-13.89%,0.90%,,275,2.27%,,,,,,
25-06-2024,1443.47,-0.75%,0.88%,,276,4.80%,,,,,,
13-02-2024,1454.34,26.22%,0.88%,,277,0.44%,,,,,,
26-12-2022,1152.22,-3.73%,0.87%,,278,0.91%,,,,,,
20-12-2022,1196.84,19.42%,0.87%,,279,2.24%,,,,,,
25-08-2021,1002.21,-14.88%,0.87%,,280,1.73%,,,,,,
24-11-2022,1177.35,-19.04%,0.86%,,281,1.24%,,,,,,
29-04-2024,1454.26,31.95%,0.86%,,282,-1.02%,,,,,,
18-07-2022,1102.15,-19.84%,0.85%,,283,0.99%,,,,,,
06-10-2025,1375.00,6.79%,0.85%,,284,1.75%,,,,,,
18-07-2023,1287.53,15.54%,0.85%,,285,1.34%,,,,,,
02-05-2023,1114.33,-11.62%,0.85%,,286,3.97%,,,,,,
31-07-2023,1260.81,-9.62%,0.85%,,287,1.72%,,,,,,
12-09-2025,1395.00,-7.41%,0.85%,,288,2.89%,,,,,,
26-08-2024,1506.58,27.04%,0.84%,,289,-0.61%,,,,,,
03-08-2022,1185.92,-19.14%,0.84%,,290,0.59%,,,,,,
14-06-2024,1466.69,22.64%,0.84%,,291,1.53%,,,,,,
13-09-2022,1195.91,-15.72%,0.84%,,292,3.16%,,,,,,
23-07-2025,1418.93,-0.41%,0.84%,,293,1.92%,,,,,,
21-08-2025,1424.80,22.73%,0.84%,,294,3.80%,,,,,,
06-11-2023,1160.91,-10.44%,0.83%,,295,1.20%,,,,,,
02-01-2024,1296.26,18.84%,0.83%,,296,2.77%,,,,,,
14-07-2022,1090.73,-0.90%,0.82%,,297,1.58%,,,,,,
14-03-2022,1100.61,-5.46%,0.82%,,298,1.07%,,,,,,
30-06-2023,1164.18,0.22%,0.82%,,299,3.04%,,,,,,
27-12-2022,1161.65,4.54%,0.82%,,300,-0.59%,,,,,,
21-02-2023,1111.16,2.53%,0.82%,,301,1.61%,,,,,,
07-12-2021,1083.77,-23.98%,0.81%,,302,3.53%,,,,,,
05-05-2025,1425.61,28.76%,0.81%,,303,1.98%,,,,,,
05-07-2022,1107.16,-0.11%,0.81%,,304,1.88%,,,,,,
07-01-2022,1108.41,-25.24%,0.81%,,305,1.68%,,,,,,
23-02-2024,1482.65,22.69%,0.80%,,306,1.18%,,,,,,
01-04-2022,1208.44,-11.19%,0.80%,,307,1.47%,,,,,,
12-01-2024,1360.65,24.39%,0.80%,,308,1.48%,,,,,,
27-09-2022,1093.88,-4.66%,0.80%,,309,0.27%,,,,,,
09-11-2021,1147.40,-9.50%,0.79%,,310,2.98%,,,,,,
13-12-2024,1267.79,1.26%,0.79%,,311,3.43%,,,,,,
12-03-2025,1252.05,34.02%,0.78%,,312,-1.20%,,,,,,
29-07-2021,934.25,-41.21%,0.78%,,313,0.25%,,,,,,
08-07-2024,1589.14,66.01%,0.77%,,314,0.71%,,,,,,
04-08-2021,957.23,-11.75%,0.77%,,315,1.00%,,,,,,
25-04-2023,1084.66,-27.17%,0.77%,,316,0.07%,,,,,,
10-11-2025,1489.30,4.80%,0.76%,,317,5.38%,,,,,,
06-06-2024,1421.08,3.14%,0.76%,,318,0.99%,,,,,,
09-10-2025,1377.80,-1.91%,0.76%,,319,1.75%,,,,,,
21-01-2026,1404.60,8.27%,0.76%,,320,2.17%,,,,,,
19-07-2023,1297.29,13.76%,0.76%,,321,0.88%,,,,,,
07-06-2023,1140.40,-8.49%,0.76%,,322,3.51%,,,,,,
03-01-2025,1246.17,-11.50%,0.75%,,323,0.04%,,,,,,
18-03-2026,1408.10,47.39%,0.75%,,324,0.05%,,,,,,
13-07-2021,955.39,-29.16%,0.75%,,325,-1.85%,,,,,,
16-10-2024,1348.69,-7.73%,0.75%,,326,-0.06%,,,,,,
09-02-2026,1461.60,-6.10%,0.74%,,327,2.49%,,,,,,
12-12-2025,1556.50,23.09%,0.74%,,328,1.13%,,,,,,
18-08-2023,1264.54,16.62%,0.74%,,329,0.91%,,,,,,
12-10-2022,1084.29,14.14%,0.74%,,330,2.61%,,,,,,
03-08-2021,949.95,-37.04%,0.74%,,331,-0.79%,,,,,,
29-07-2024,1508.93,4.06%,0.73%,,332,2.04%,,,,,,
09-02-2024,1450.02,6.33%,0.73%,,333,3.18%,,,,,,
21-10-2024,1363.75,-4.31%,0.73%,,334,2.71%,,,,,,
17-05-2024,1425.15,17.79%,0.73%,,335,-1.36%,,,,,,
05-12-2023,1209.92,-16.16%,0.73%,,336,4.22%,,,,,,
11-06-2025,1443.14,11.59%,0.72%,,337,2.14%,,,,,,
28-12-2023,1293.20,15.74%,0.72%,,338,1.03%,,,,,,
11-01-2022,1117.30,-10.06%,0.72%,,339,1.27%,,,,,,
11-03-2025,1242.34,-10.29%,0.72%,,340,1.53%,,,,,,
07-10-2025,1384.80,16.53%,0.71%,,341,-0.46%,,,,,,
01-12-2023,1188.35,-4.69%,0.71%,,342,3.27%,,,,,,
30-11-2022,1246.85,-12.16%,0.71%,,343,3.14%,,,,,,
20-02-2026,1419.40,-3.36%,0.70%,,344,-0.61%,,,,,,
11-02-2026,1468.70,21.75%,0.70%,,345,1.90%,,,,,,
16-08-2022,1206.37,-15.76%,0.70%,,346,2.42%,,,,,,
16-06-2025,1432.08,25.66%,0.69%,,347,2.29%,,,,,,
10-05-2023,1139.69,-15.15%,0.69%,,348,2.33%,,,,,,
25-01-2024,1343.13,23.43%,0.68%,,349,3.33%,,,,,,
24-02-2023,1088.15,-15.96%,0.68%,,350,1.75%,,,,,,
23-04-2025,1294.83,0.33%,0.68%,,351,-0.50%,,,,,,
26-11-2024,1290.55,-10.95%,0.68%,,352,1.58%,,,,,,
25-04-2024,1449.25,27.25%,0.68%,,353,1.58%,,,,,,
22-07-2022,1138.94,6.56%,0.68%,,354,2.72%,,,,,,
06-04-2023,1068.86,-13.95%,0.67%,,355,2.84%,,,,,,
19-03-2025,1242.19,5.17%,0.67%,,356,2.99%,,,,,,
25-03-2022,1181.14,-2.80%,0.67%,,357,0.91%,,,,,,
08-09-2023,1215.11,-17.28%,0.67%,,358,2.43%,,,,,,
22-04-2024,1468.98,-6.73%,0.66%,,359,3.54%,,,,,,
18-07-2024,1575.02,26.11%,0.66%,,360,3.58%,,,,,,
09-08-2023,1248.91,-20.72%,0.66%,,361,0.80%,,,,,,
22-12-2025,1575.40,60.12%,0.66%,,362,0.88%,,,,,,
23-08-2021,983.90,-34.59%,0.66%,,363,2.83%,,,,,,
01-08-2024,1504.17,10.43%,0.66%,,364,1.30%,,,,,,
22-04-2026,1362.10,20.57%,0.65%,,365,0.85%,,,,,,
02-12-2021,1129.73,-20.15%,0.64%,,366,0.89%,,,,,,
16-05-2024,1414.88,13.35%,0.64%,,367,1.85%,,,,,,
18-12-2024,1248.26,15.04%,0.64%,,368,1.05%,,,,,,
27-04-2023,1085.12,-2.30%,0.63%,,369,0.18%,,,,,,
07-09-2021,1110.64,-8.97%,0.63%,,370,2.22%,,,,,,
17-02-2025,1220.03,-19.80%,0.63%,,371,0.24%,,,,,,
04-07-2025,1521.22,30.91%,0.63%,,372,-0.45%,,,,,,
02-11-2022,1162.08,22.54%,0.62%,,373,1.06%,,,,,,
12-07-2021,948.29,-33.16%,0.62%,,374,2.21%,,,,,,
14-05-2025,1418.73,24.78%,0.61%,,375,0.81%,,,,,,
04-11-2021,1137.01,2.53%,0.61%,,376,1.07%,,,,,,
19-07-2022,1108.91,-22.35%,0.61%,,377,0.54%,,,,,,
23-02-2026,1428.00,1.00%,0.61%,,378,1.83%,,,,,,
17-09-2025,1413.80,-2.18%,0.60%,,379,2.85%,,,,,,
06-08-2024,1445.35,-0.60%,0.60%,,380,3.23%,,,,,,
07-08-2024,1454.06,-0.72%,0.60%,,381,3.24%,,,,,,
12-03-2024,1464.59,24.01%,0.60%,,382,1.07%,,,,,,
30-06-2022,1181.05,0.51%,0.60%,,383,-1.55%,,,,,,
10-08-2022,1175.07,-16.47%,0.60%,,384,2.24%,,,,,,
26-02-2026,1406.80,1.82%,0.59%,,385,1.25%,,,,,,
18-08-2025,1381.70,13.82%,0.58%,,386,1.69%,,,,,,
12-10-2021,1213.88,-2.75%,0.57%,,387,2.98%,,,,,,
07-08-2023,1248.24,-1.81%,0.57%,,388,0.41%,,,,,,
21-03-2025,1271.27,10.20%,0.57%,,389,-0.80%,,,,,,
13-01-2022,1153.59,0.26%,0.56%,,390,2.45%,,,,,,
29-05-2023,1150.65,-19.48%,0.56%,,391,3.59%,,,,,,
26-05-2025,1429.09,22.05%,0.56%,,392,1.93%,,,,,,
22-11-2022,1170.94,-18.66%,0.55%,,393,2.18%,,,,,,
08-02-2024,1439.47,-2.95%,0.55%,,394,2.18%,,,,,,
12-01-2026,1483.20,23.30%,0.54%,,395,1.29%,,,,,,
05-09-2023,1202.90,7.33%,0.54%,,396,-0.83%,,,,,,
22-05-2023,1120.70,-5.82%,0.53%,,397,0.47%,,,,,,
07-11-2022,1189.90,-21.66%,0.53%,,398,2.27%,,,,,,
14-11-2025,1518.90,-1.69%,0.53%,,399,1.05%,,,,,,
11-12-2025,1545.00,62.62%,0.53%,,400,1.51%,,,,,,
10-08-2021,950.09,-36.01%,0.52%,,401,3.56%,,,,,,
24-07-2024,1484.71,22.43%,0.52%,,402,3.37%,,,,,,
17-08-2022,1212.68,4.42%,0.52%,,403,0.18%,,,,,,
17-01-2022,1161.30,14.08%,0.52%,,404,0.21%,,,,,,
21-06-2021,1017.98,-12.20%,0.52%,,405,-0.12%,,,,,,
08-11-2023,1159.37,-10.04%,0.52%,,406,3.16%,,,,,,
04-01-2024,1288.79,-11.17%,0.52%,,407,2.26%,,,,,,
06-02-2026,1450.80,34.24%,0.51%,,408,1.96%,,,,,,
17-04-2023,1080.73,-27.47%,0.51%,,409,3.62%,,,,,,
20-08-2024,1490.00,16.45%,0.51%,,410,0.80%,,,,,,
26-12-2023,1279.55,-13.98%,0.51%,,411,3.03%,,,,,,
23-09-2024,1487.43,3.27%,0.50%,,412,-0.68%,,,,,,
21-03-2024,1440.31,18.40%,0.50%,,413,0.10%,,,,,,
13-09-2023,1216.52,13.30%,0.50%,,414,3.11%,,,,,,
19-04-2023,1073.68,-19.47%,0.50%,,415,2.92%,,,,,,
01-11-2024,1333.32,25.01%,0.50%,,416,0.74%,,,,,,
11-04-2023,1066.54,-30.60%,0.49%,,417,2.55%,,,,,,
10-12-2025,1536.90,31.31%,0.49%,,418,0.51%,,,,,,
07-10-2021,1170.47,-11.93%,0.49%,,419,1.39%,,,,,,
28-10-2024,1329.04,13.69%,0.49%,,420,-0.43%,,,,,,
17-10-2023,1168.97,-3.90%,0.48%,,421,0.97%,,,,,,
01-01-2025,1216.39,-10.42%,0.48%,,422,-0.11%,,,,,,
18-01-2024,1357.90,20.84%,0.47%,,423,0.91%,,,,,,
05-01-2022,1123.70,9.50%,0.47%,,424,1.16%,,,,,,
28-03-2023,1026.20,-11.83%,0.47%,,425,1.78%,,,,,,
29-09-2023,1163.89,-15.86%,0.47%,,426,1.03%,,,,,,
11-09-2025,1383.30,-4.77%,0.46%,,427,2.40%,,,,,,
12-06-2024,1452.57,21.22%,0.46%,,428,2.74%,,,,,,
13-12-2022,1198.30,-2.43%,0.46%,,429,3.86%,,,,,,
20-02-2025,1228.10,21.27%,0.45%,,430,0.78%,,,,,,
18-06-2021,1012.70,-26.22%,0.45%,,431,0.75%,,,,,,
03-09-2025,1372.60,9.42%,0.45%,,432,5.44%,,,,,,
10-08-2023,1254.48,9.49%,0.45%,,433,1.48%,,,,,,
10-10-2023,1145.72,6.95%,0.44%,,434,-0.65%,,,,,,
12-04-2023,1071.24,-29.07%,0.44%,,435,2.62%,,,,,,
02-09-2024,1510.22,38.02%,0.44%,,436,-1.37%,,,,,,
21-09-2021,1094.17,-22.14%,0.43%,,437,4.42%,,,,,,
16-09-2025,1405.30,8.58%,0.43%,,438,0.50%,,,,,,
05-01-2024,1294.27,-11.58%,0.43%,,439,1.69%,,,,,,
19-09-2024,1463.83,9.68%,0.43%,,440,1.46%,,,,,,
29-10-2024,1334.67,20.20%,0.42%,,441,0.19%,,,,,,
07-10-2022,1110.36,-11.86%,0.42%,,442,2.06%,,,,,,
11-08-2023,1259.77,13.09%,0.42%,,443,1.66%,,,,,,
17-02-2023,1113.94,2.94%,0.42%,,444,0.54%,,,,,,
15-09-2021,1082.16,-5.10%,0.42%,,445,0.25%,,,,,,
01-11-2023,1140.26,-21.84%,0.42%,,446,5.91%,,,,,,
14-01-2026,1458.80,18.65%,0.41%,,447,2.05%,,,,,,
28-01-2025,1229.49,1.78%,0.41%,,448,1.34%,,,,,,
13-12-2023,1208.03,-5.11%,0.41%,,449,1.98%,,,,,,
27-03-2025,1273.12,29.45%,0.40%,,450,1.32%,,,,,,
01-06-2021,983.45,-4.66%,0.40%,,451,1.89%,,,,,,
01-09-2021,1031.56,-29.31%,0.40%,,452,2.73%,,,,,,
19-04-2024,1459.32,30.42%,0.40%,,453,1.23%,,,,,,
27-10-2022,1118.94,-7.57%,0.39%,,454,1.08%,,,,,,
31-12-2024,1210.61,2.13%,0.39%,,455,-0.84%,,,,,,
22-11-2023,1185.33,-16.52%,0.39%,,456,1.23%,,,,,,
31-05-2024,1419.89,43.63%,0.39%,,457,1.14%,,,,,,
18-08-2021,988.58,-8.26%,0.39%,,458,2.33%,,,,,,
31-12-2021,1077.54,0.10%,0.38%,,459,1.03%,,,,,,
24-04-2023,1076.42,7.44%,0.38%,,460,2.70%,,,,,,
03-06-2021,1001.92,-14.81%,0.38%,,461,1.43%,,,,,,
02-08-2022,1176.05,-14.63%,0.38%,,462,2.87%,,,,,,
26-09-2025,1377.60,-3.72%,0.38%,,463,0.59%,,,,,,
30-04-2026,1430.80,2.24%,0.38%,,464,1.71%,,,,,,
30-04-2025,1399.41,24.35%,0.38%,,465,1.09%,,,,,,
18-11-2021,1125.38,4.66%,0.38%,,466,1.50%,,,,,,
13-04-2023,1075.28,-7.81%,0.38%,,467,0.12%,,,,,,
03-11-2022,1166.42,-4.09%,0.37%,,468,-0.04%,,,,,,
27-12-2024,1216.19,9.99%,0.37%,,469,2.58%,,,,,,
06-10-2022,1105.68,11.70%,0.37%,,470,0.93%,,,,,,
10-06-2021,989.84,-31.41%,0.37%,,471,1.29%,,,,,,
09-06-2025,1443.04,24.94%,0.37%,,472,2.51%,,,,,,
18-05-2022,1154.98,-14.73%,0.36%,,473,1.83%,,,,,,
22-05-2026,1354.50,-10.21%,0.36%,,474,3.10%,,,,,,
04-09-2024,1508.53,36.70%,0.36%,,475,0.62%,,,,,,
08-03-2023,1103.51,-23.90%,0.36%,,476,1.79%,,,,,,
29-02-2024,1450.07,2.68%,0.36%,,477,3.06%,,,,,,
29-05-2025,1412.16,3.18%,0.35%,,478,2.82%,,,,,,
01-10-2025,1368.70,14.99%,0.34%,,479,2.20%,,,,,,
24-05-2022,1190.24,-7.30%,0.34%,,480,3.76%,,,,,,
27-12-2023,1283.92,13.42%,0.34%,,481,0.71%,,,,,,
24-10-2022,1132.04,-3.98%,0.33%,,482,2.35%,,,,,,
11-08-2022,1178.98,-25.17%,0.33%,,483,0.72%,,,,,,
01-01-2026,1575.60,2.27%,0.33%,,484,1.34%,,,,,,
05-12-2025,1540.60,38.20%,0.33%,,485,1.50%,,,,,,
19-05-2023,1114.74,-21.69%,0.32%,,486,3.58%,,,,,,
21-05-2025,1423.51,-8.38%,0.32%,,487,3.26%,,,,,,
02-07-2024,1553.68,5.31%,0.32%,,488,1.74%,,,,,,
09-01-2026,1475.30,36.65%,0.32%,,489,1.60%,,,,,,
24-12-2021,1079.65,-6.55%,0.32%,,490,0.64%,,,,,,
23-03-2022,1155.37,6.22%,0.32%,,491,1.93%,,,,,,
13-10-2022,1087.74,-22.05%,0.32%,,492,2.21%,,,,,,
30-01-2026,1395.40,23.28%,0.32%,,493,2.84%,,,,,,
09-05-2023,1131.91,-19.11%,0.31%,,494,2.41%,,,,,,
15-09-2025,1399.30,-5.96%,0.31%,,495,2.51%,,,,,,
25-09-2024,1488.01,66.07%,0.31%,,496,1.29%,,,,,,
27-05-2021,896.03,-24.64%,0.31%,,497,2.66%,,,,,,
23-11-2023,1188.95,14.40%,0.31%,,498,1.74%,,,,,,
22-03-2023,1039.26,-14.25%,0.30%,,499,2.18%,,,,,,
04-04-2022,1212.02,-9.45%,0.30%,,500,2.91%,,,,,,
30-10-2024,1338.55,9.00%,0.29%,,501,-0.53%,,,,,,
06-12-2022,1228.07,12.50%,0.29%,,502,0.40%,,,,,,
11-03-2022,1091.64,-22.68%,0.29%,,503,2.51%,,,,,,
24-03-2026,1411.80,2.18%,0.28%,,504,1.65%,,,,,,
10-10-2025,1381.70,18.03%,0.28%,,505,1.16%,,,,,,
21-06-2023,1170.59,-18.95%,0.28%,,506,2.52%,,,,,,
22-03-2024,1444.33,26.07%,0.28%,,507,1.47%,,,,,,
21-09-2022,1145.69,-23.28%,0.28%,,508,4.51%,,,,,,
11-11-2025,1493.40,30.83%,0.28%,,509,1.19%,,,,,,
20-10-2022,1141.52,-23.49%,0.27%,,510,1.00%,,,,,,
26-09-2024,1491.99,17.29%,0.27%,,511,1.66%,,,,,,
22-01-2025,1272.02,3.25%,0.27%,,512,2.87%,,,,,,
18-10-2021,1231.99,4.35%,0.27%,,513,1.69%,,,,,,
09-04-2025,1180.63,-0.91%,0.27%,,514,3.78%,,,,,,
29-11-2023,1191.53,-23.99%,0.26%,,515,0.84%,,,,,,
28-11-2025,1567.50,22.80%,0.26%,,516,1.41%,,,,,,
06-02-2025,1276.45,7.59%,0.26%,,517,1.76%,,,,,,
17-11-2022,1186.46,-1.32%,0.26%,,518,2.01%,,,,,,
27-02-2025,1202.30,-12.78%,0.26%,,519,4.11%,,,,,,
08-09-2025,1378.50,-0.70%,0.25%,,520,5.19%,,,,,,
01-08-2025,1388.16,-9.84%,0.25%,,521,0.20%,,,,,,
25-11-2025,1539.70,18.43%,0.25%,,522,-1.59%,,,,,,
05-11-2024,1300.11,-7.96%,0.24%,,523,0.42%,,,,,,
25-08-2025,1412.60,8.64%,0.24%,,524,0.19%,,,,,,
20-01-2025,1300.26,-11.56%,0.24%,,525,3.53%,,,,,,
18-06-2024,1470.14,22.77%,0.24%,,526,1.14%,,,,,,
01-09-2023,1197.46,16.97%,0.23%,,527,3.01%,,,,,,
15-06-2021,1023.78,-28.29%,0.23%,,528,0.17%,,,,,,
19-06-2025,1427.60,-1.65%,0.22%,,529,1.95%,,,,,,
24-10-2025,1451.60,6.59%,0.22%,,530,-0.27%,,,,,,
14-05-2026,1361.80,-3.78%,0.22%,,531,1.75%,,,,,,
30-05-2025,1415.25,4.53%,0.22%,,532,4.23%,,,,,,
18-10-2024,1353.89,12.32%,0.21%,,533,0.45%,,,,,,
06-09-2023,1205.43,3.27%,0.21%,,534,2.18%,,,,,,
20-06-2023,1167.31,6.29%,0.21%,,535,1.20%,,,,,,
04-07-2022,1098.26,-24.41%,0.21%,,536,1.81%,,,,,,
13-08-2024,1452.87,13.01%,0.21%,,537,-0.24%,,,,,,
01-01-2024,1285.61,18.54%,0.21%,,538,1.46%,,,,,,
02-02-2022,1084.54,-11.73%,0.20%,,539,4.02%,,,,,,
14-10-2021,1228.71,8.13%,0.20%,,540,-0.64%,,,,,,
15-05-2023,1136.33,3.98%,0.20%,,541,0.57%,,,,,,
15-07-2022,1092.85,-26.50%,0.19%,,542,0.48%,,,,,,
28-10-2025,1486.90,29.41%,0.19%,,543,1.53%,,,,,,
10-11-2023,1148.95,-8.93%,0.19%,,544,3.87%,,,,,,
07-06-2022,1261.63,5.53%,0.19%,,545,3.34%,,,,,,
22-10-2021,1195.50,-19.87%,0.19%,,546,1.33%,,,,,,
06-03-2024,1491.96,27.95%,0.19%,,547,2.67%,,,,,,
12-10-2023,1166.07,-4.41%,0.19%,,548,1.89%,,,,,,
15-09-2023,1219.90,21.00%,0.19%,,549,3.33%,,,,,,
17-06-2021,1008.15,-13.27%,0.18%,,550,4.62%,,,,,,
11-11-2021,1162.35,-22.13%,0.18%,,551,1.73%,,,,,,
21-08-2024,1492.71,22.87%,0.18%,,552,1.47%,,,,,,
18-08-2022,1214.87,3.69%,0.18%,,553,4.31%,,,,,,
16-11-2023,1171.68,-16.17%,0.18%,,554,2.12%,,,,,,
17-03-2026,1397.60,21.71%,0.18%,,555,1.70%,,,,,,
01-10-2021,1148.31,6.77%,0.18%,,556,-0.61%,,,,,,
09-02-2023,1075.53,-20.39%,0.17%,,557,1.10%,,,,,,
17-10-2024,1351.03,9.12%,0.17%,,558,-1.23%,,,,,,
29-11-2022,1238.11,13.26%,0.17%,,559,-0.11%,,,,,,
29-12-2021,1093.17,-4.98%,0.17%,,560,1.87%,,,,,,
06-10-2023,1150.48,-5.90%,0.17%,,561,1.27%,,,,,,
19-02-2025,1222.57,7.80%,0.17%,,562,2.67%,,,,,,
12-05-2023,1134.10,-17.65%,0.16%,,563,1.43%,,,,,,
13-08-2025,1377.10,26.40%,0.16%,,564,2.54%,,,,,,
20-09-2021,1089.46,-29.39%,0.16%,,565,-0.26%,,,,,,
08-12-2025,1543.00,32.70%,0.16%,,566,2.64%,,,,,,
30-12-2022,1162.79,-2.52%,0.15%,,567,1.29%,,,,,,
12-12-2022,1192.87,-17.77%,0.15%,,568,2.81%,,,,,,
16-05-2025,1450.61,18.84%,0.15%,,569,1.29%,,,,,,
11-12-2023,1220.64,-17.30%,0.15%,,570,0.46%,,,,,,
02-04-2024,1476.03,27.76%,0.15%,,571,-0.35%,,,,,,
14-01-2022,1155.28,-17.02%,0.15%,,572,2.20%,,,,,,
12-03-2026,1392.20,17.96%,0.14%,,573,2.10%,,,,,,
08-09-2022,1180.23,8.47%,0.14%,,574,0.83%,,,,,,
08-07-2022,1088.12,-29.54%,0.14%,,575,2.49%,,,,,,
17-12-2025,1544.40,27.95%,0.14%,,576,0.11%,,,,,,
07-09-2023,1207.07,-17.11%,0.14%,,577,3.18%,,,,,,
30-04-2024,1456.22,0.12%,0.13%,,578,3.25%,,,,,,
13-06-2024,1454.48,27.32%,0.13%,,579,1.03%,,,,,,
19-09-2022,1142.36,6.53%,0.13%,,580,3.53%,,,,,,
21-04-2023,1072.31,-5.81%,0.13%,,581,0.02%,,,,,,
08-11-2021,1138.42,-23.80%,0.12%,,582,3.83%,,,,,,
23-08-2024,1494.01,15.24%,0.12%,,583,3.30%,,,,,,
24-04-2025,1296.42,2.15%,0.12%,,584,3.44%,,,,,,
12-11-2024,1269.18,-14.22%,0.12%,,585,0.89%,,,,,,
15-07-2025,1479.49,18.19%,0.11%,,586,-1.29%,,,,,,
23-08-2023,1251.83,-0.92%,0.11%,,587,1.31%,,,,,,
12-07-2023,1263.47,-18.10%,0.11%,,588,1.79%,,,,,,
04-07-2024,1542.61,37.87%,0.10%,,589,-0.79%,,,,,,
10-12-2021,1118.85,-23.40%,0.10%,,590,0.74%,,,,,,
10-06-2024,1460.59,14.73%,0.10%,,591,4.42%,,,,,,
22-12-2023,1273.10,0.71%,0.10%,,592,3.33%,,,,,,
27-04-2022,1264.18,-5.27%,0.10%,,593,2.34%,,,,,,
24-10-2024,1334.47,10.07%,0.10%,,594,2.24%,,,,,,
14-02-2025,1212.41,-14.20%,0.09%,,595,-0.36%,,,,,,
25-03-2026,1413.10,16.05%,0.09%,,596,0.13%,,,,,,
14-09-2023,1217.64,-1.05%,0.09%,,597,3.42%,,,,,,
29-01-2025,1230.59,8.52%,0.09%,,598,1.90%,,,,,,
12-06-2023,1134.01,6.66%,0.09%,,599,0.53%,,,,,,
03-02-2023,1063.18,-8.55%,0.09%,,600,0.54%,,,,,,
26-09-2023,1162.64,22.39%,0.09%,,601,-0.43%,,,,,,
29-06-2021,949.97,-32.86%,0.09%,,602,1.87%,,,,,,
18-09-2025,1415.00,25.02%,0.08%,,603,0.50%,,,,,,
06-06-2023,1131.81,2.03%,0.08%,,604,2.55%,,,,,,
10-01-2022,1109.32,-20.04%,0.08%,,605,-1.24%,,,,,,
06-08-2025,1387.26,1.51%,0.08%,,606,3.52%,,,,,,
11-10-2024,1366.64,-4.95%,0.08%,,607,1.37%,,,,,,
06-06-2025,1437.76,-5.37%,0.08%,,608,2.75%,,,,,,
18-11-2025,1519.40,9.63%,0.07%,,609,3.31%,,,,,,
28-08-2025,1385.90,-1.11%,0.07%,,610,3.65%,,,,,,
08-05-2025,1401.40,1.85%,0.07%,,611,0.41%,,,,,,
14-10-2025,1375.90,-6.17%,0.07%,,612,4.33%,,,,,,
17-09-2024,1466.44,-5.95%,0.06%,,613,2.35%,,,,,,
26-12-2025,1559.20,7.16%,0.06%,,614,3.89%,,,,,,
16-04-2024,1454.98,26.00%,0.06%,,615,0.46%,,,,,,
01-11-2021,1154.73,1.20%,0.06%,,616,3.48%,,,,,,
08-06-2023,1141.08,-17.13%,0.06%,,617,1.93%,,,,,,
10-09-2025,1377.00,-3.63%,0.06%,,618,1.60%,,,,,,
24-02-2026,1428.80,29.68%,0.06%,,619,2.94%,,,,,,
26-07-2022,1101.81,-9.73%,0.05%,,620,4.08%,,,,,,
18-02-2025,1220.53,0.22%,0.04%,,621,0.30%,,,,,,
24-12-2024,1217.89,6.87%,0.04%,,622,3.85%,,,,,,
27-06-2023,1139.62,-22.14%,0.04%,,623,1.01%,,,,,,
05-05-2026,1463.60,22.14%,0.03%,,624,-1.04%,,,,,,
01-06-2022,1198.27,-24.42%,0.03%,,625,1.16%,,,,,,
15-07-2024,1585.49,15.98%,0.03%,,626,2.54%,,,,,,
14-10-2024,1367.07,-4.10%,0.03%,,627,3.42%,,,,,,
21-05-2024,1425.57,22.34%,0.03%,,628,2.32%,,,,,,
15-06-2023,1165.23,5.51%,0.03%,,629,3.77%,,,,,,
16-05-2022,1104.41,-7.45%,0.02%,,630,1.06%,,,,,,
29-03-2022,1193.29,0.41%,0.02%,,631,-0.54%,,,,,,
28-11-2023,1188.40,11.66%,0.02%,,632,2.70%,,,,,,
03-04-2023,1064.30,-5.60%,0.02%,,633,-0.59%,,,,,,
21-01-2022,1127.45,-1.32%,0.02%,,634,2.41%,,,,,,
20-09-2022,1142.54,-22.79%,0.02%,,635,2.45%,,,,,,
16-07-2025,1479.69,4.49%,0.01%,,636,1.07%,,,,,,
01-02-2024,1416.17,-8.30%,0.00%,,637,3.60%,,,,,,
18-12-2025,1544.40,25.16%,0.00%,,638,1.25%,,,,,,
18-03-2025,1233.92,-13.76%,0.00%,,639,2.12%,,,,,,
01-05-2026,1430.80,-1.92%,0.00%,,640,2.12%,,,,,,
15-01-2026,1458.80,27.01%,0.00%,,641,2.91%,,,,,,
05-10-2023,1148.55,-1.50%,0.00%,,642,-0.42%,,,,,,
13-10-2023,1166.02,-10.62%,0.00%,,643,3.08%,,,,,,
07-04-2026,1304.60,13.70%,-0.01%,,644,3.46%,,,,,,
19-01-2022,1147.36,-1.22%,-0.01%,,645,0.09%,,,,,,
28-12-2022,1161.53,4.28%,-0.01%,,646,0.89%,,,,,,
25-05-2023,1113.83,-3.04%,-0.01%,,647,0.81%,,,,,,
13-11-2023,1148.80,2.53%,-0.01%,,648,3.37%,,,,,,
23-05-2023,1120.49,-28.00%,-0.02%,,649,1.28%,,,,,,
15-12-2025,1556.20,35.17%,-0.02%,,650,2.91%,,,,,,
03-11-2023,1151.33,-7.93%,-0.02%,,651,1.20%,,,,,,
22-08-2023,1250.44,8.70%,-0.02%,,652,1.23%,,,,,,
30-05-2023,1150.35,-21.75%,-0.03%,,653,-1.80%,,,,,,
18-07-2025,1470.13,0.99%,-0.03%,,654,-0.20%,,,,,,
02-05-2024,1455.78,-4.16%,-0.03%,,655,1.32%,,,,,,
19-11-2025,1518.90,41.13%,-0.03%,,656,-0.76%,,,,,,
23-12-2021,1076.22,-20.71%,-0.04%,,657,1.91%,,,,,,
19-01-2024,1357.40,-9.03%,-0.04%,,658,0.74%,,,,,,
22-08-2024,1492.17,23.19%,-0.04%,,659,-0.12%,,,,,,
13-02-2025,1211.26,-9.33%,-0.04%,,660,3.07%,,,,,,
18-05-2026,1335.90,-12.01%,-0.04%,,661,0.31%,,,,,,
17-11-2025,1518.30,20.54%,-0.04%,,662,1.67%,,,,,,
01-02-2025,1259.57,-16.63%,-0.04%,,663,1.63%,,,,,,
13-11-2025,1510.90,21.59%,-0.04%,,664,0.93%,,,,,,
02-12-2022,1242.65,7.03%,-0.04%,,665,1.65%,,,,,,
29-12-2022,1161.01,-4.00%,-0.05%,,666,1.33%,,,,,,
08-12-2022,1209.37,-14.89%,-0.05%,,667,3.30%,,,,,,
14-03-2024,1420.96,16.58%,-0.05%,,668,3.02%,,,,,,
08-12-2023,1218.85,2.79%,-0.05%,,669,1.74%,,,,,,
18-11-2022,1185.82,-14.68%,-0.05%,,670,2.00%,,,,,,
23-09-2025,1389.80,3.46%,-0.06%,,671,1.34%,,,,,,
16-04-2026,1343.30,-7.86%,-0.06%,,672,1.43%,,,,,,
16-01-2026,1457.90,0.15%,-0.06%,,673,1.06%,,,,,,
10-09-2024,1455.71,18.41%,-0.06%,,674,0.77%,,,,,,
25-07-2023,1229.43,-0.40%,-0.06%,,675,1.02%,,,,,,
16-04-2025,1234.37,-18.35%,-0.06%,,676,0.43%,,,,,,
03-07-2025,1511.76,27.24%,-0.07%,,677,2.87%,,,,,,
24-11-2023,1188.16,-17.21%,-0.07%,,678,-0.58%,,,,,,
08-05-2026,1435.20,-2.62%,-0.07%,,679,2.05%,,,,,,
01-04-2024,1473.87,3.47%,-0.07%,,680,3.46%,,,,,,
18-06-2025,1424.41,28.41%,-0.08%,,681,3.15%,,,,,,
16-02-2023,1109.31,-7.29%,-0.08%,,682,1.31%,,,,,,
04-09-2023,1196.49,-6.06%,-0.08%,,683,1.07%,,,,,,
16-08-2023,1273.62,1.80%,-0.08%,,684,0.48%,,,,,,
14-07-2023,1251.12,-14.63%,-0.08%,,685,0.19%,,,,,,
16-09-2024,1465.50,18.78%,-0.09%,,686,-0.07%,,,,,,
14-01-2025,1233.82,-21.22%,-0.09%,,687,3.39%,,,,,,
01-12-2025,1566.10,20.91%,-0.09%,,688,-2.00%,,,,,,
25-04-2025,1295.23,17.67%,-0.09%,,689,-0.73%,,,,,,
27-07-2022,1100.77,-8.28%,-0.09%,,690,0.59%,,,,,,
30-08-2023,1200.14,12.92%,-0.10%,,691,3.04%,,,,,,
28-01-2022,1062.84,-26.88%,-0.10%,,692,4.02%,,,,,,
18-04-2024,1453.57,22.28%,-0.10%,,693,0.70%,,,,,,
09-11-2022,1188.72,9.72%,-0.10%,,694,3.00%,,,,,,
10-02-2022,1083.41,-3.99%,-0.10%,,695,1.07%,,,,,,
19-01-2023,1128.48,4.64%,-0.11%,,696,1.59%,,,,,,
27-12-2021,1078.49,-26.39%,-0.11%,,697,0.66%,,,,,,
21-10-2025,1465.20,-0.65%,-0.11%,,698,3.67%,,,,,,
27-02-2024,1474.73,-0.67%,-0.11%,,699,5.08%,,,,,,
03-11-2025,1484.70,19.14%,-0.11%,,700,4.05%,,,,,,
02-04-2025,1246.17,-9.32%,-0.12%,,701,5.59%,,,,,,
15-10-2025,1374.30,-4.31%,-0.12%,,702,0.79%,,,,,,
07-05-2026,1436.20,-4.96%,-0.12%,,703,2.91%,,,,,,
10-07-2025,1511.16,16.63%,-0.12%,,704,3.39%,,,,,,
20-07-2023,1295.72,-10.71%,-0.12%,,705,1.25%,,,,,,
14-08-2024,1451.11,6.44%,-0.12%,,706,0.90%,,,,,,
20-04-2026,1363.30,34.34%,-0.12%,,707,0.97%,,,,,,
17-03-2023,1014.84,-5.83%,-0.13%,,708,1.34%,,,,,,
14-09-2021,1077.67,6.33%,-0.13%,,709,2.23%,,,,,,
27-08-2021,1013.49,-31.82%,-0.14%,,710,1.14%,,,,,,
31-10-2025,1486.40,34.96%,-0.14%,,711,0.12%,,,,,,
12-07-2022,1101.33,-26.20%,-0.14%,,712,4.83%,,,,,,
28-08-2024,1492.34,25.57%,-0.14%,,713,0.30%,,,,,,
25-05-2022,1188.49,-15.26%,-0.15%,,714,0.39%,,,,,,
22-01-2026,1402.50,-3.55%,-0.15%,,715,4.49%,,,,,,
15-04-2024,1454.06,-5.98%,-0.16%,,716,1.91%,,,,,,
21-11-2025,1546.60,37.30%,-0.16%,,717,1.18%,,,,,,
13-01-2023,1126.45,-22.67%,-0.16%,,718,2.84%,,,,,,
09-09-2024,1456.63,23.46%,-0.16%,,719,2.35%,,,,,,
05-07-2023,1179.82,-3.25%,-0.16%,,720,1.86%,,,,,,
07-12-2023,1219.50,-1.25%,-0.16%,,721,2.08%,,,,,,
13-01-2025,1234.92,9.31%,-0.17%,,722,0.90%,,,,,,
18-01-2023,1129.69,-17.91%,-0.17%,,723,4.56%,,,,,,
09-09-2025,1376.20,19.82%,-0.17%,,724,1.44%,,,,,,
04-10-2023,1148.57,21.22%,-0.17%,,725,2.49%,,,,,,
15-07-2021,947.49,-17.44%,-0.17%,,726,2.90%,,,,,,
05-01-2023,1147.66,12.83%,-0.18%,,727,1.14%,,,,,,
08-03-2022,1017.18,-21.03%,-0.18%,,728,3.13%,,,,,,
27-11-2024,1288.06,-11.13%,-0.19%,,729,4.26%,,,,,,
05-04-2024,1449.37,20.56%,-0.19%,,730,0.35%,,,,,,
07-07-2023,1202.23,11.18%,-0.20%,,731,0.43%,,,,,,
11-02-2022,1081.29,0.13%,-0.20%,,732,3.99%,,,,,,
25-01-2022,1079.86,-13.18%,-0.20%,,733,3.40%,,,,,,
03-04-2025,1243.73,-14.83%,-0.20%,,734,2.24%,,,,,,
20-02-2024,1460.22,33.00%,-0.20%,,735,1.64%,,,,,,
16-02-2022,1097.92,-28.50%,-0.21%,,736,2.12%,,,,,,
04-12-2025,1535.60,29.29%,-0.21%,,737,2.01%,,,,,,
11-04-2022,1187.67,-18.57%,-0.21%,,738,-0.79%,,,,,,
10-02-2026,1458.50,31.26%,-0.21%,,739,1.85%,,,,,,
18-05-2023,1111.14,-4.96%,-0.22%,,740,-2.67%,,,,,,
17-11-2023,1169.12,-21.08%,-0.22%,,741,1.90%,,,,,,
25-07-2024,1481.44,27.34%,-0.22%,,742,3.70%,,,,,,
16-10-2023,1163.41,-22.66%,-0.22%,,743,0.20%,,,,,,
07-01-2026,1504.20,-4.13%,-0.23%,,744,1.40%,,,,,,
11-07-2024,1569.04,7.70%,-0.23%,,745,2.14%,,,,,,
21-02-2024,1456.92,30.00%,-0.23%,,746,1.48%,,,,,,
25-10-2023,1120.68,1.54%,-0.23%,,747,3.21%,,,,,,
09-09-2021,1103.68,-19.66%,-0.24%,,748,2.03%,,,,,,
14-08-2025,1373.80,30.51%,-0.24%,,749,2.53%,,,,,,
07-02-2023,1052.64,-0.86%,-0.24%,,750,2.15%,,,,,,
05-04-2023,1061.74,-16.40%,-0.24%,,751,2.84%,,,,,,
28-03-2025,1270.03,-6.19%,-0.24%,,752,2.77%,,,,,,
01-09-2025,1353.90,-2.17%,-0.24%,,753,1.14%,,,,,,
07-08-2025,1383.87,45.26%,-0.24%,,754,1.65%,,,,,,
20-07-2021,952.70,-11.34%,-0.25%,,755,2.98%,,,,,,
31-01-2023,1074.52,0.33%,-0.25%,,756,1.10%,,,,,,
20-04-2023,1070.96,-30.07%,-0.25%,,757,2.92%,,,,,,
08-07-2025,1531.48,37.40%,-0.25%,,758,4.08%,,,,,,
05-05-2023,1114.65,-18.38%,-0.26%,,759,0.44%,,,,,,
10-10-2024,1365.60,16.05%,-0.26%,,760,1.09%,,,,,,
22-12-2022,1176.76,0.92%,-0.26%,,761,0.69%,,,,,,
20-11-2023,1166.04,-8.96%,-0.26%,,762,1.53%,,,,,,
09-01-2024,1280.77,6.28%,-0.26%,,763,-0.05%,,,,,,
24-08-2022,1205.04,1.12%,-0.27%,,764,-0.50%,,,,,,
06-04-2022,1191.70,-15.23%,-0.27%,,765,1.51%,,,,,,
15-05-2024,1405.87,-5.23%,-0.27%,,766,3.07%,,,,,,
24-09-2024,1483.45,31.92%,-0.27%,,767,0.42%,,,,,,
01-06-2023,1124.47,-5.50%,-0.27%,,768,1.40%,,,,,,
22-08-2022,1189.90,5.33%,-0.28%,,769,-0.16%,,,,,,
24-09-2021,1129.66,-5.98%,-0.29%,,770,4.04%,,,,,,
25-08-2022,1201.52,11.27%,-0.29%,,771,1.85%,,,,,,
15-12-2021,1079.83,-21.87%,-0.29%,,772,0.13%,,,,,,
28-07-2025,1382.08,11.17%,-0.29%,,773,2.02%,,,,,,
01-12-2022,1243.18,9.61%,-0.29%,,774,-0.05%,,,,,,
27-06-2022,1134.19,-27.79%,-0.30%,,775,-0.02%,,,,,,
23-12-2025,1570.70,35.70%,-0.30%,,776,-0.16%,,,,,,
18-04-2022,1157.48,1.44%,-0.31%,,777,0.48%,,,,,,
20-10-2023,1141.10,7.50%,-0.31%,,778,0.57%,,,,,,
29-09-2022,1061.49,-21.01%,-0.31%,,779,2.49%,,,,,,
30-03-2026,1343.90,15.13%,-0.31%,,780,-0.49%,,,,,,
23-11-2022,1167.28,-14.34%,-0.31%,,781,2.22%,,,,,,
26-05-2026,1362.70,41.90%,-0.31%,,782,0.86%,,,,,,
12-08-2021,960.30,-14.32%,-0.32%,,783,2.57%,,,,,,
02-06-2023,1120.79,3.55%,-0.33%,,784,0.04%,,,,,,
01-02-2022,1082.34,-15.84%,-0.33%,,785,-0.07%,,,,,,
22-04-2025,1286.06,-16.96%,-0.33%,,786,2.39%,,,,,,
01-07-2024,1548.69,11.22%,-0.34%,,787,0.91%,,,,,,
13-05-2024,1392.39,21.47%,-0.34%,,788,4.35%,,,,,,
30-09-2021,1146.29,5.97%,-0.34%,,789,4.88%,,,,,,
03-10-2022,1081.67,-21.21%,-0.35%,,790,3.07%,,,,,,
29-09-2025,1372.80,8.51%,-0.35%,,791,1.79%,,,,,,
02-05-2022,1265.14,0.15%,-0.35%,,792,2.70%,,,,,,
16-12-2024,1263.25,-9.14%,-0.36%,,793,2.88%,,,,,,
02-02-2026,1390.40,4.29%,-0.36%,,794,0.14%,,,,,,
23-10-2024,1333.20,11.66%,-0.36%,,795,2.85%,,,,,,
14-12-2022,1193.97,2.84%,-0.36%,,796,1.09%,,,,,,
13-04-2022,1161.03,11.75%,-0.37%,,797,0.25%,,,,,,
14-03-2023,1038.96,-32.53%,-0.37%,,798,1.50%,,,,,,
30-12-2025,1539.80,-2.08%,-0.38%,,799,3.39%,,,,,,
10-07-2024,1572.59,15.73%,-0.38%,,800,4.62%,,,,,,
13-05-2026,1358.80,-0.34%,-0.38%,,801,-1.77%,,,,,,
03-10-2025,1363.40,-7.21%,-0.39%,,802,1.01%,,,,,,
24-05-2024,1469.37,32.82%,-0.39%,,803,2.48%,,,,,,
08-09-2021,1106.29,-9.56%,-0.39%,,804,0.99%,,,,,,
21-02-2025,1223.26,-11.39%,-0.39%,,805,-0.49%,,,,,,
27-01-2026,1380.50,-0.75%,-0.40%,,806,2.23%,,,,,,
29-01-2026,1391.00,-3.74%,-0.41%,,807,3.99%,,,,,,
24-06-2025,1445.03,-7.57%,-0.41%,,808,2.72%,,,,,,
27-11-2025,1563.40,33.76%,-0.41%,,809,1.89%,,,,,,
22-09-2023,1168.82,-14.99%,-0.42%,,810,0.27%,,,,,,
12-08-2025,1374.91,12.28%,-0.42%,,811,1.35%,,,,,,
03-08-2023,1224.53,-17.06%,-0.42%,,812,1.55%,,,,,,
26-02-2024,1476.40,49.92%,-0.42%,,813,2.94%,,,,,,
17-08-2021,984.76,-21.80%,-0.43%,,814,0.75%,,,,,,
06-06-2022,1259.27,5.80%,-0.43%,,815,0.30%,,,,,,
15-11-2022,1190.22,9.49%,-0.45%,,816,2.41%,,,,,,
22-02-2022,1087.02,-9.01%,-0.45%,,817,2.45%,,,,,,
31-08-2023,1194.66,-20.46%,-0.46%,,818,1.44%,,,,,,
30-07-2024,1502.03,5.37%,-0.46%,,819,0.23%,,,,,,
17-06-2025,1425.51,16.36%,-0.46%,,820,3.64%,,,,,,
25-08-2023,1225.11,4.56%,-0.46%,,821,0.22%,,,,,,
27-05-2022,1171.70,-16.77%,-0.46%,,822,2.74%,,,,,,
23-03-2026,1407.80,-4.55%,-0.47%,,823,0.08%,,,,,,
28-03-2024,1474.93,-1.88%,-0.47%,,824,0.75%,,,,,,
03-09-2024,1503.12,0.94%,-0.47%,,825,2.79%,,,,,,
05-03-2024,1489.18,37.79%,-0.48%,,826,1.23%,,,,,,
23-02-2023,1080.76,-9.60%,-0.48%,,827,0.45%,,,,,,
14-11-2022,1195.59,-18.49%,-0.48%,,828,1.77%,,,,,,
13-09-2024,1466.77,6.67%,-0.48%,,829,2.18%,,,,,,
13-10-2025,1375.00,-10.64%,-0.48%,,830,0.15%,,,,,,
03-12-2025,1538.80,11.27%,-0.49%,,831,0.54%,,,,,,
24-09-2025,1383.00,-1.53%,-0.49%,,832,2.14%,,,,,,
30-07-2025,1404.49,19.92%,-0.49%,,833,2.49%,,,,,,
16-12-2022,1171.19,15.26%,-0.49%,,834,2.76%,,,,,,
16-03-2023,1016.12,-28.09%,-0.50%,,835,0.63%,,,,,,
20-08-2025,1413.00,-1.59%,-0.50%,,836,1.42%,,,,,,
12-06-2025,1435.87,29.42%,-0.50%,,837,2.23%,,,,,,
23-01-2023,1109.42,-21.21%,-0.51%,,838,1.75%,,,,,,
02-06-2025,1408.08,16.21%,-0.51%,,839,0.98%,,,,,,
26-12-2024,1211.71,11.97%,-0.51%,,840,2.87%,,,,,,
14-10-2022,1082.22,-24.94%,-0.51%,,841,1.84%,,,,,,
26-04-2024,1441.88,-3.51%,-0.51%,,842,1.68%,,,,,,
31-07-2024,1494.36,47.56%,-0.51%,,843,1.54%,,,,,,
22-06-2021,1012.74,-20.45%,-0.51%,,844,2.03%,,,,,,
11-12-2024,1273.12,23.91%,-0.52%,,845,2.23%,,,,,,
31-08-2021,1027.49,-14.03%,-0.53%,,846,0.96%,,,,,,
26-08-2022,1195.11,-15.08%,-0.53%,,847,3.62%,,,,,,
19-09-2025,1407.40,12.08%,-0.54%,,848,0.25%,,,,,,
18-11-2024,1255.73,-1.37%,-0.54%,,849,0.20%,,,,,,
05-02-2025,1273.12,19.85%,-0.54%,,850,1.26%,,,,,,
02-02-2023,1062.24,0.15%,-0.55%,,851,0.78%,,,,,,
13-02-2023,1060.60,12.22%,-0.57%,,852,1.68%,,,,,,
09-08-2021,945.13,-20.13%,-0.57%,,853,1.62%,,,,,,
16-11-2022,1183.40,17.85%,-0.57%,,854,3.12%,,,,,,
08-06-2021,1004.17,-30.35%,-0.57%,,855,-1.49%,,,,,,
12-02-2024,1441.68,28.41%,-0.58%,,856,0.51%,,,,,,
21-03-2022,1122.70,-6.08%,-0.58%,,857,2.78%,,,,,,
28-02-2025,1195.33,-14.61%,-0.58%,,858,0.84%,,,,,,
03-06-2025,1399.91,18.78%,-0.58%,,859,2.14%,,,,,,
07-09-2022,1178.56,5.80%,-0.58%,,860,1.77%,,,,,,
24-05-2023,1113.97,3.31%,-0.58%,,861,-0.35%,,,,,,
26-04-2023,1078.29,-25.75%,-0.59%,,862,2.55%,,,,,,
04-04-2024,1452.18,23.81%,-0.59%,,863,-0.32%,,,,,,
15-11-2021,1172.93,6.35%,-0.59%,,864,0.51%,,,,,,
24-01-2023,1102.87,-0.96%,-0.59%,,865,1.20%,,,,,,
17-05-2023,1113.53,9.16%,-0.59%,,866,1.02%,,,,,,
29-03-2023,1020.13,-4.50%,-0.59%,,867,-0.09%,,,,,,
01-02-2023,1068.16,-26.72%,-0.59%,,868,3.20%,,,,,,
18-09-2024,1457.63,52.70%,-0.60%,,869,0.20%,,,,,,
01-07-2021,954.59,-23.06%,-0.60%,,870,-0.97%,,,,,,
08-08-2023,1240.73,17.68%,-0.60%,,871,0.06%,,,,,,
07-02-2022,1054.31,-9.24%,-0.61%,,872,-1.61%,,,,,,
25-09-2023,1161.63,-21.01%,-0.62%,,873,2.02%,,,,,,
17-07-2025,1470.53,25.38%,-0.62%,,874,0.76%,,,,,,
09-09-2022,1172.88,8.58%,-0.62%,,875,0.38%,,,,,,
23-02-2022,1080.22,-24.96%,-0.63%,,876,0.47%,,,,,,
24-04-2024,1439.52,-4.84%,-0.63%,,877,2.45%,,,,,,
02-07-2025,1512.76,58.40%,-0.63%,,878,0.70%,,,,,,
19-07-2021,955.05,-29.98%,-0.64%,,879,1.88%,,,,,,
30-09-2025,1364.00,-6.00%,-0.64%,,880,1.91%,,,,,,
23-06-2025,1451.00,3.11%,-0.64%,,881,2.94%,,,,,,
28-05-2025,1407.28,22.02%,-0.65%,,882,3.33%,,,,,,
07-11-2023,1153.36,21.51%,-0.65%,,883,0.23%,,,,,,
14-07-2021,949.16,-16.17%,-0.65%,,884,1.95%,,,,,,
11-05-2023,1132.25,-28.27%,-0.65%,,885,2.97%,,,,,,
09-07-2024,1578.59,46.04%,-0.66%,,886,3.09%,,,,,,
27-02-2023,1080.92,-4.45%,-0.66%,,887,1.95%,,,,,,
21-07-2022,1131.30,-4.63%,-0.67%,,888,1.32%,,,,,,
23-05-2022,1186.17,-18.19%,-0.67%,,889,-2.19%,,,,,,
16-02-2024,1449.84,0.30%,-0.68%,,890,1.83%,,,,,,
28-05-2024,1445.50,-0.02%,-0.69%,,891,3.44%,,,,,,
11-09-2024,1445.73,27.93%,-0.69%,,892,2.09%,,,,,,
03-11-2021,1130.07,-26.42%,-0.69%,,893,2.67%,,,,,,
24-11-2025,1535.90,59.97%,-0.69%,,894,5.01%,,,,,,
07-07-2021,960.10,-20.46%,-0.69%,,895,2.11%,,,,,,
11-10-2021,1206.99,25.97%,-0.70%,,896,0.84%,,,,,,
23-07-2021,958.12,-15.44%,-0.71%,,897,-0.65%,,,,,,
09-06-2023,1133.00,6.76%,-0.71%,,898,2.24%,,,,,,
10-04-2023,1061.29,-25.93%,-0.71%,,899,0.41%,,,,,,
10-06-2025,1432.78,16.12%,-0.71%,,900,2.01%,,,,,,
17-03-2025,1233.92,-12.81%,-0.73%,,901,1.81%,,,,,,
06-05-2025,1415.25,-3.05%,-0.73%,,902,0.67%,,,,,,
15-02-2024,1459.80,17.45%,-0.73%,,903,1.65%,,,,,,
13-03-2025,1242.94,5.90%,-0.73%,,904,1.01%,,,,,,
21-09-2023,1173.71,0.55%,-0.73%,,905,1.80%,,,,,,
03-01-2023,1167.28,-13.75%,-0.73%,,906,2.48%,,,,,,
21-04-2026,1353.30,0.27%,-0.73%,,907,1.51%,,,,,,
21-05-2026,1349.60,-10.24%,-0.74%,,908,0.87%,,,,,,
30-08-2024,1503.62,42.50%,-0.74%,,909,1.92%,,,,,,
06-02-2023,1055.17,-0.63%,-0.75%,,910,2.99%,,,,,,
02-03-2023,1061.83,-6.79%,-0.76%,,911,0.41%,,,,,,
26-06-2023,1139.21,-16.99%,-0.76%,,912,1.46%,,,,,,
25-09-2025,1372.40,15.09%,-0.77%,,913,5.05%,,,,,,
06-05-2022,1192.43,4.18%,-0.77%,,914,1.69%,,,,,,
19-10-2023,1144.60,-22.55%,-0.77%,,915,0.61%,,,,,,
14-07-2025,1477.80,27.96%,-0.77%,,916,0.67%,,,,,,
01-11-2022,1154.87,-2.61%,-0.77%,,917,1.72%,,,,,,
29-08-2022,1185.82,-16.33%,-0.78%,,918,1.76%,,,,,,
06-02-2024,1417.31,10.37%,-0.78%,,919,2.64%,,,,,,
08-01-2024,1284.17,-12.83%,-0.78%,,920,-0.77%,,,,,,
04-11-2025,1473.10,33.54%,-0.78%,,921,2.84%,,,,,,
18-02-2022,1103.13,-14.02%,-0.78%,,922,2.49%,,,,,,
29-12-2023,1282.98,11.54%,-0.79%,,923,2.07%,,,,,,
29-09-2021,1150.20,-11.95%,-0.79%,,924,1.21%,,,,,,
06-12-2024,1306.33,2.08%,-0.79%,,925,3.22%,,,,,,
10-12-2024,1279.74,-12.29%,-0.80%,,926,1.10%,,,,,,
01-10-2024,1459.00,-6.37%,-0.80%,,927,0.52%,,,,,,
24-12-2025,1558.20,34.64%,-0.80%,,928,2.13%,,,,,,
04-03-2025,1157.28,-16.51%,-0.80%,,929,0.42%,,,,,,
25-07-2025,1386.16,-7.25%,-0.80%,,930,0.41%,,,,,,
27-08-2024,1494.48,-3.02%,-0.80%,,931,2.78%,,,,,,
03-07-2024,1541.02,34.24%,-0.81%,,932,1.02%,,,,,,
23-06-2023,1147.97,7.62%,-0.82%,,933,2.25%,,,,,,
10-02-2023,1066.67,-22.74%,-0.82%,,934,4.07%,,,,,,
13-03-2026,1380.70,45.01%,-0.83%,,935,3.12%,,,,,,
08-07-2021,952.16,-34.60%,-0.83%,,936,1.32%,,,,,,
11-03-2024,1455.82,15.98%,-0.83%,,937,2.14%,,,,,,
22-04-2022,1255.29,-13.81%,-0.84%,,938,-0.04%,,,,,,
12-04-2024,1456.37,34.58%,-0.84%,,939,0.93%,,,,,,
03-03-2022,1082.16,-10.26%,-0.84%,,940,0.46%,,,,,,
30-12-2024,1205.88,-3.51%,-0.85%,,941,1.65%,,,,,,
09-01-2025,1249.76,-15.38%,-0.85%,,942,1.47%,,,,,,
23-07-2024,1476.97,29.48%,-0.85%,,943,0.58%,,,,,,
09-10-2023,1140.68,3.25%,-0.85%,,944,3.08%,,,,,,
03-05-2023,1104.77,19.17%,-0.86%,,945,1.61%,,,,,,
28-07-2021,927.02,-26.87%,-0.86%,,946,4.95%,,,,,,
11-11-2024,1267.64,27.63%,-0.86%,,947,0.68%,,,,,,
04-06-2021,993.24,-17.18%,-0.87%,,948,2.50%,,,,,,
25-02-2025,1199.21,-0.83%,-0.87%,,949,1.83%,,,,,,
18-09-2023,1209.27,-21.76%,-0.87%,,950,2.10%,,,,,,
29-12-2025,1545.60,66.90%,-0.87%,,951,0.88%,,,,,,
30-07-2021,926.09,-35.28%,-0.87%,,952,1.30%,,,,,,
24-06-2024,1430.88,50.75%,-0.88%,,953,-0.53%,,,,,,
28-06-2021,949.16,-13.51%,-0.88%,,954,1.91%,,,,,,
06-07-2022,1097.42,-28.25%,-0.88%,,955,1.22%,,,,,,
09-12-2025,1529.40,15.27%,-0.88%,,956,3.40%,,,,,,
31-10-2024,1326.75,-6.33%,-0.88%,,957,2.47%,,,,,,
27-05-2025,1416.44,-10.24%,-0.89%,,958,3.61%,,,,,,
05-01-2026,1578.10,19.32%,-0.89%,,959,3.49%,,,,,,
25-10-2024,1322.57,-14.25%,-0.89%,,960,2.31%,,,,,,
16-12-2025,1542.30,23.17%,-0.89%,,961,1.61%,,,,,,
13-07-2023,1252.17,18.04%,-0.89%,,962,0.33%,,,,,,
04-02-2022,1060.77,-14.00%,-0.91%,,963,2.25%,,,,,,
10-03-2025,1233.47,22.92%,-0.91%,,964,2.64%,,,,,,
23-06-2021,1003.46,-28.01%,-0.92%,,965,3.24%,,,,,,
27-02-2026,1393.90,-3.43%,-0.92%,,966,3.37%,,,,,,
05-02-2026,1443.40,0.87%,-0.92%,,967,1.18%,,,,,,
26-03-2024,1430.98,1.65%,-0.92%,,968,1.40%,,,,,,
15-03-2024,1407.81,-2.90%,-0.93%,,969,2.99%,,,,,,
12-08-2024,1449.89,17.14%,-0.93%,,970,1.99%,,,,,,
27-07-2023,1237.78,9.07%,-0.93%,,971,-0.66%,,,,,,
22-09-2022,1134.90,-22.03%,-0.94%,,972,3.36%,,,,,,
27-05-2024,1455.48,7.69%,-0.95%,,973,1.81%,,,,,,
17-01-2024,1351.57,-4.97%,-0.95%,,974,4.73%,,,,,,
13-06-2025,1422.22,27.47%,-0.95%,,975,2.41%,,,,,,
16-01-2023,1115.72,-5.22%,-0.95%,,976,1.86%,,,,,,
26-05-2022,1177.16,-12.48%,-0.95%,,977,-0.34%,,,,,,
04-03-2026,1345.00,11.96%,-0.96%,,978,2.33%,,,,,,
29-08-2023,1201.28,-5.26%,-0.96%,,979,-1.98%,,,,,,
26-03-2025,1267.99,7.46%,-0.96%,,980,0.89%,,,,,,
30-11-2023,1179.99,-13.19%,-0.97%,,981,1.62%,,,,,,
04-09-2025,1359.30,14.82%,-0.97%,,982,0.39%,,,,,,
25-10-2021,1183.85,-20.79%,-0.97%,,983,3.11%,,,,,,
30-06-2025,1494.63,5.03%,-0.98%,,984,1.98%,,,,,,
17-02-2026,1423.00,41.61%,-0.98%,,985,1.60%,,,,,,
20-03-2023,1004.86,-7.52%,-0.98%,,986,2.50%,,,,,,
07-07-2022,1086.61,-17.85%,-0.98%,,987,0.09%,,,,,,
19-05-2026,1322.70,-6.51%,-0.99%,,988,1.25%,,,,,,
19-03-2024,1414.78,20.94%,-0.99%,,989,1.25%,,,,,,
15-09-2022,1169.86,0.43%,-0.99%,,990,2.28%,,,,,,
19-06-2023,1164.89,-3.96%,-0.99%,,991,0.07%,,,,,,
28-08-2023,1212.90,-16.12%,-1.00%,,992,1.17%,,,,,,
11-06-2024,1445.97,2.62%,-1.00%,,993,2.91%,,,,,,
06-05-2024,1409.10,29.04%,-1.01%,,994,0.09%,,,,,,
21-02-2022,1091.98,15.87%,-1.01%,,995,3.24%,,,,,,
09-07-2021,942.42,-23.81%,-1.02%,,996,2.35%,,,,,,
10-01-2025,1236.96,10.99%,-1.02%,,997,4.83%,,,,,,
11-05-2022,1114.46,-10.75%,-1.02%,,998,0.98%,,,,,,
10-02-2025,1248.66,5.66%,-1.03%,,999,1.12%,,,,,,
04-07-2023,1181.76,-19.10%,-1.03%,,1000,1.45%,,,,,,
03-04-2024,1460.79,-1.86%,-1.03%,,1001,2.03%,,,,,,
30-10-2025,1488.50,6.29%,-1.04%,,1002,2.36%,,,,,,
07-05-2025,1400.41,10.30%,-1.05%,,1003,2.57%,,,,,,
29-04-2022,1269.60,35.78%,-1.05%,,1004,-1.59%,,,,,,
27-07-2021,935.05,-25.71%,-1.05%,,1005,2.79%,,,,,,
23-01-2025,1258.62,-15.43%,-1.05%,,1006,-0.84%,,,,,,
02-08-2024,1488.31,35.03%,-1.05%,,1007,1.42%,,,,,,
20-02-2023,1102.17,-22.94%,-1.06%,,1008,1.87%,,,,,,
29-05-2024,1430.19,25.95%,-1.06%,,1009,0.17%,,,,,,
31-10-2023,1135.55,-19.40%,-1.06%,,1010,0.46%,,,,,,
10-03-2026,1408.80,14.56%,-1.07%,,1011,-0.42%,,,,,,
02-08-2023,1229.70,-14.31%,-1.07%,,1012,1.01%,,,,,,
19-05-2025,1435.07,-0.24%,-1.07%,,1013,3.70%,,,,,,
08-08-2024,1438.48,10.33%,-1.07%,,1014,0.35%,,,,,,
04-12-2024,1303.74,13.69%,-1.08%,,1015,1.82%,,,,,,
09-11-2023,1146.79,-10.56%,-1.09%,,1016,3.45%,,,,,,
03-01-2024,1282.16,2.51%,-1.09%,,1017,0.08%,,,,,,
21-08-2023,1250.74,13.89%,-1.09%,,1018,2.16%,,,,,,
10-10-2022,1098.24,-22.07%,-1.09%,,1019,1.65%,,,,,,
22-08-2025,1409.20,19.18%,-1.09%,,1020,0.58%,,,,,,
28-10-2021,1182.39,-16.40%,-1.10%,,1021,-0.37%,,,,,,
30-05-2024,1414.38,0.51%,-1.11%,,1022,1.53%,,,,,,
22-07-2025,1407.18,16.32%,-1.11%,,1023,-1.01%,,,,,,
24-02-2025,1209.72,23.76%,-1.11%,,1024,2.43%,,,,,,
20-08-2021,977.48,-15.55%,-1.12%,,1025,-1.22%,,,,,,
22-06-2023,1157.45,-18.43%,-1.12%,,1026,2.52%,,,,,,
20-05-2025,1418.93,3.93%,-1.12%,,1027,-0.31%,,,,,,
07-10-2024,1365.27,27.79%,-1.14%,,1028,0.29%,,,,,,
18-04-2023,1068.36,-7.14%,-1.14%,,1029,2.00%,,,,,,
03-10-2023,1150.56,-20.56%,-1.14%,,1030,0.88%,,,,,,
23-10-2025,1448.40,17.88%,-1.15%,,1031,0.87%,,,,,,
20-10-2021,1228.71,-2.61%,-1.15%,,1032,-0.21%,,,,,,
07-02-2025,1261.66,11.82%,-1.16%,,1033,0.09%,,,,,,
21-10-2022,1128.28,-15.03%,-1.16%,,1034,1.03%,,,,,,
24-04-2026,1327.80,14.94%,-1.16%,,1035,0.14%,,,,,,
02-09-2022,1155.16,-16.66%,-1.17%,,1036,0.88%,,,,,,
23-01-2026,1386.10,43.37%,-1.17%,,1037,1.75%,,,,,,
06-07-2021,966.81,-13.30%,-1.18%,,1038,1.96%,,,,,,
20-01-2023,1115.06,-2.82%,-1.19%,,1039,3.03%,,,,,,
18-01-2022,1147.45,-17.49%,-1.19%,,1040,1.67%,,,,,,
22-09-2025,1390.60,10.55%,-1.19%,,1041,1.73%,,,,,,
12-12-2024,1257.88,6.46%,-1.20%,,1042,1.86%,,,,,,
14-09-2022,1181.57,-1.36%,-1.20%,,1043,1.83%,,,,,,
31-05-2022,1197.89,-20.82%,-1.21%,,1044,2.19%,,,,,,
09-07-2025,1512.96,28.83%,-1.21%,,1045,0.80%,,,,,,
10-11-2022,1174.34,-20.55%,-1.21%,,1046,1.84%,,,,,,
07-11-2025,1478.00,17.84%,-1.21%,,1047,4.73%,,,,,,
20-12-2023,1254.29,6.17%,-1.21%,,1048,0.62%,,,,,,
15-06-2022,1181.35,9.08%,-1.21%,,1049,0.58%,,,,,,
14-12-2021,1083.00,-16.05%,-1.22%,,1050,1.28%,,,,,,
09-12-2024,1290.00,-5.66%,-1.25%,,1051,2.02%,,,,,,
08-10-2025,1367.40,18.58%,-1.26%,,1052,-0.11%,,,,,,
11-01-2023,1153.18,-25.42%,-1.26%,,1053,3.32%,,,,,,
02-12-2025,1546.30,29.34%,-1.26%,,1054,0.91%,,,,,,
27-10-2021,1195.50,16.51%,-1.26%,,1055,1.53%,,,,,,
23-03-2023,1026.11,-26.24%,-1.27%,,1056,3.32%,,,,,,
07-05-2024,1391.18,8.66%,-1.27%,,1057,-0.59%,,,,,,
25-03-2025,1280.34,-10.37%,-1.28%,,1058,0.97%,,,,,,
05-02-2024,1428.45,33.43%,-1.28%,,1059,-0.24%,,,,,,
03-02-2022,1070.53,-10.48%,-1.29%,,1060,1.48%,,,,,,
14-06-2022,1195.82,-23.57%,-1.31%,,1061,0.95%,,,,,,
16-07-2024,1564.67,12.55%,-1.31%,,1062,3.03%,,,,,,
11-03-2026,1390.20,4.53%,-1.32%,,1063,-0.01%,,,,,,
09-04-2026,1330.00,13.65%,-1.32%,,1064,2.50%,,,,,,
04-08-2022,1170.25,-18.93%,-1.32%,,1065,-0.76%,,,,,,
21-06-2024,1443.52,25.15%,-1.32%,,1066,2.01%,,,,,,
18-10-2023,1153.46,-20.39%,-1.33%,,1067,2.72%,,,,,,
12-02-2026,1448.90,18.33%,-1.35%,,1068,1.26%,,,,,,
27-01-2025,1224.46,-9.33%,-1.36%,,1069,1.50%,,,,,,
02-04-2026,1350.50,42.91%,-1.37%,,1070,1.48%,,,,,,
26-07-2021,944.99,-29.66%,-1.37%,,1071,1.87%,,,,,,
23-04-2026,1343.40,8.22%,-1.37%,,1072,0.96%,,,,,,
24-01-2025,1241.34,14.13%,-1.37%,,1073,-1.23%,,,,,,
25-01-2023,1087.63,-22.52%,-1.38%,,1074,1.57%,,,,,,
22-05-2025,1403.79,0.70%,-1.39%,,1075,0.27%,,,,,,
20-01-2026,1394.00,-3.77%,-1.39%,,1076,3.27%,,,,,,
23-04-2024,1448.60,31.09%,-1.39%,,1077,0.52%,,,,,,
26-10-2023,1105.07,-5.13%,-1.39%,,1078,3.47%,,,,,,
16-06-2022,1164.83,-14.63%,-1.40%,,1079,1.54%,,,,,,
16-01-2024,1364.53,-1.56%,-1.40%,,1080,3.06%,,,,,,
05-08-2025,1386.16,0.11%,-1.40%,,1081,1.04%,,,,,,
31-07-2025,1384.67,15.88%,-1.41%,,1082,1.69%,,,,,,
05-04-2022,1194.88,-3.87%,-1.41%,,1083,2.60%,,,,,,
01-08-2023,1242.98,5.60%,-1.41%,,1084,2.27%,,,,,,
15-12-2022,1177.01,-0.24%,-1.42%,,1085,0.22%,,,,,,
21-12-2022,1179.82,5.33%,-1.42%,,1086,2.14%,,,,,,
16-05-2023,1120.15,-24.67%,-1.42%,,1087,1.29%,,,,,,
05-09-2024,1487.04,24.04%,-1.42%,,1088,-0.11%,,,,,,
31-03-2022,1198.84,-0.36%,-1.43%,,1089,5.01%,,,,,,
12-12-2023,1203.12,-4.15%,-1.44%,,1090,1.86%,,,,,,
17-08-2023,1255.24,17.32%,-1.44%,,1091,0.65%,,,,,,
24-11-2021,1069.92,-11.61%,-1.44%,,1092,0.39%,,,,,,
12-09-2023,1210.47,-14.16%,-1.44%,,1093,2.96%,,,,,,
13-05-2025,1410.07,-5.32%,-1.45%,,1094,2.52%,,,,,,
11-07-2025,1489.25,7.84%,-1.45%,,1095,2.09%,,,,,,
04-10-2024,1381.01,21.37%,-1.45%,,1096,-1.33%,,,,,,
02-11-2021,1137.89,-7.07%,-1.46%,,1097,2.40%,,,,,,
05-12-2022,1224.53,5.70%,-1.46%,,1098,-0.94%,,,,,,
28-09-2023,1158.48,0.47%,-1.47%,,1099,0.01%,,,,,,
05-08-2022,1153.00,-4.71%,-1.47%,,1100,1.28%,,,,,,
07-12-2022,1209.94,10.55%,-1.48%,,1101,2.04%,,,,,,
30-11-2021,1094.49,-11.80%,-1.48%,,1102,4.21%,,,,,,
03-02-2025,1240.94,6.25%,-1.48%,,1103,2.27%,,,,,,
10-01-2023,1167.90,9.78%,-1.48%,,1104,0.08%,,,,,,
27-01-2022,1063.86,-12.20%,-1.48%,,1105,0.74%,,,,,,
12-02-2025,1211.71,-6.82%,-1.48%,,1106,3.39%,,,,,,
07-11-2024,1300.46,5.73%,-1.49%,,1107,2.47%,,,,,,
11-02-2025,1229.94,0.97%,-1.50%,,1108,1.66%,,,,,,
21-11-2024,1218.13,-16.16%,-1.50%,,1109,0.69%,,,,,,
09-04-2024,1452.90,26.37%,-1.50%,,1110,1.22%,,,,,,
04-01-2023,1149.71,-20.60%,-1.51%,,1111,1.09%,,,,,,
19-06-2024,1447.93,17.08%,-1.51%,,1112,1.80%,,,,,,
19-11-2024,1236.71,3.83%,-1.51%,,1113,2.31%,,,,,,
09-12-2022,1191.05,-14.76%,-1.52%,,1114,3.89%,,,,,,
24-07-2025,1397.32,25.37%,-1.52%,,1115,0.27%,,,,,,
25-10-2022,1114.56,5.12%,-1.54%,,1116,2.83%,,,,,,
10-03-2023,1060.30,-2.52%,-1.55%,,1117,4.23%,,,,,,
17-09-2021,1087.73,-20.16%,-1.55%,,1118,-2.01%,,,,,,
08-08-2025,1362.36,21.28%,-1.55%,,1119,3.84%,,,,,,
23-10-2023,1123.29,5.57%,-1.56%,,1120,2.73%,,,,,,
14-02-2022,1064.07,-27.52%,-1.59%,,1121,0.83%,,,,,,
07-03-2024,1468.06,30.89%,-1.60%,,1122,2.93%,,,,,,
23-06-2022,1121.58,-18.08%,-1.62%,,1123,0.13%,,,,,,
09-10-2024,1369.13,31.29%,-1.63%,,1124,-0.81%,,,,,,
13-03-2023,1042.87,-24.69%,-1.64%,,1125,1.49%,,,,,,
19-03-2026,1384.80,8.30%,-1.65%,,1126,2.16%,,,,,,
08-11-2024,1278.64,3.89%,-1.68%,,1127,2.42%,,,,,,
24-08-2023,1230.79,22.31%,-1.68%,,1128,-0.29%,,,,,,
16-06-2021,1006.30,-1.46%,-1.71%,,1129,3.11%,,,,,,
15-03-2023,1021.21,-26.21%,-1.71%,,1130,2.92%,,,,,,
09-05-2024,1383.88,9.33%,-1.72%,,1131,-0.06%,,,,,,
28-11-2024,1265.74,12.41%,-1.73%,,1132,1.60%,,,,,,
10-05-2022,1126.00,-9.71%,-1.73%,,1133,0.12%,,,,,,
13-11-2024,1247.07,-8.57%,-1.74%,,1134,1.81%,,,,,,
12-05-2026,1364.00,21.00%,-1.74%,,1135,1.68%,,,,,,
20-01-2022,1127.27,-21.60%,-1.75%,,1136,0.86%,,,,,,
06-05-2026,1437.90,16.01%,-1.76%,,1137,0.58%,,,,,,
08-06-2022,1239.48,5.88%,-1.76%,,1138,1.28%,,,,,,
07-04-2022,1170.68,-6.17%,-1.76%,,1139,0.62%,,,,,,
01-04-2025,1247.62,15.33%,-1.76%,,1140,2.17%,,,,,,
13-07-2022,1081.81,-9.34%,-1.77%,,1141,0.38%,,,,,,
19-08-2022,1193.21,20.99%,-1.78%,,1142,2.21%,,,,,,
09-06-2021,986.21,-15.31%,-1.79%,,1143,1.18%,,,,,,
21-11-2022,1164.48,8.48%,-1.80%,,1144,3.18%,,,,,,
30-12-2021,1073.42,-7.23%,-1.81%,,1145,0.73%,,,,,,
20-06-2022,1157.12,-6.71%,-1.81%,,1146,3.58%,,,,,,
17-12-2024,1240.35,1.21%,-1.81%,,1147,3.90%,,,,,,
19-12-2024,1225.56,-8.29%,-1.82%,,1148,0.92%,,,,,,
15-05-2026,1336.40,20.00%,-1.87%,,1149,0.71%,,,,,,
23-09-2022,1113.62,-4.44%,-1.87%,,1150,4.26%,,,,,,
12-04-2022,1165.31,-20.13%,-1.88%,,1151,0.58%,,,,,,
06-09-2024,1459.00,9.04%,-1.89%,,1152,0.05%,,,,,,
22-10-2024,1338.01,14.87%,-1.89%,,1153,2.74%,,,,,,
06-10-2021,1164.76,-3.87%,-1.89%,,1154,1.77%,,,,,,
13-06-2022,1211.65,12.71%,-1.89%,,1155,-0.09%,,,,,,
06-12-2021,1075.01,0.75%,-1.90%,,1156,2.75%,,,,,,
27-01-2023,1066.99,0.64%,-1.90%,,1157,4.58%,,,,,,
28-02-2023,1060.24,-11.77%,-1.91%,,1158,0.17%,,,,,,
05-05-2022,1201.64,-13.23%,-1.96%,,1159,2.02%,,,,,,
26-08-2025,1384.90,37.69%,-1.96%,,1160,0.60%,,,,,,
24-03-2023,1005.80,-10.79%,-1.98%,,1161,2.74%,,,,,,
31-05-2023,1127.50,-26.96%,-1.99%,,1162,-0.49%,,,,,,
19-07-2024,1543.72,43.42%,-1.99%,,1163,1.91%,,,,,,
11-10-2022,1076.37,-1.83%,-1.99%,,1164,2.52%,,,,,,
13-12-2021,1096.42,-24.12%,-2.00%,,1165,2.54%,,,,,,
28-02-2024,1444.93,1.78%,-2.02%,,1166,1.46%,,,,,,
13-02-2026,1419.60,15.39%,-2.02%,,1167,1.38%,,,,,,
24-07-2023,1230.22,12.68%,-2.02%,,1168,2.79%,,,,,,
12-05-2022,1091.76,-9.06%,-2.04%,,1169,1.18%,,,,,,
20-12-2024,1200.51,-17.37%,-2.04%,,1170,2.61%,,,,,,
13-01-2026,1452.80,7.04%,-2.05%,,1171,-1.51%,,,,,,
29-08-2025,1357.20,1.38%,-2.07%,,1172,3.16%,,,,,,
15-10-2024,1338.68,40.83%,-2.08%,,1173,3.39%,,,,,,
06-08-2021,950.54,-30.70%,-2.12%,,1174,-2.04%,,,,,,
09-05-2025,1371.72,-1.91%,-2.12%,,1175,2.13%,,,,,,
25-02-2026,1398.50,24.74%,-2.12%,,1176,0.88%,,,,,,
17-11-2021,1121.15,1.97%,-2.14%,,1177,1.56%,,,,,,
06-01-2022,1099.54,-2.55%,-2.15%,,1178,1.19%,,,,,,
12-01-2023,1128.28,-19.95%,-2.16%,,1179,2.94%,,,,,,
19-02-2026,1409.50,33.20%,-2.21%,,1180,0.98%,,,,,,
04-03-2022,1058.15,-25.66%,-2.22%,,1181,2.42%,,,,,,
03-05-2024,1423.46,31.91%,-2.22%,,1182,1.34%,,,,,,
13-09-2021,1079.08,-8.73%,-2.23%,,1183,3.61%,,,,,,
20-09-2023,1182.32,-19.60%,-2.23%,,1184,-0.96%,,,,,,
08-01-2026,1470.60,35.42%,-2.23%,,1185,2.91%,,,,,,
22-02-2023,1085.96,13.41%,-2.27%,,1186,0.95%,,,,,,
25-06-2021,957.55,-10.96%,-2.28%,,1187,1.32%,,,,,,
15-03-2022,1075.40,-4.69%,-2.29%,,1188,0.99%,,,,,,
19-05-2022,1128.36,-7.98%,-2.30%,,1189,0.88%,,,,,,
25-04-2022,1226.26,7.03%,-2.31%,,1190,1.76%,,,,,,
16-11-2021,1145.67,16.92%,-2.32%,,1191,0.43%,,,,,,
24-06-2021,979.87,-15.09%,-2.35%,,1192,-1.46%,,,,,,
29-10-2021,1154.02,7.15%,-2.40%,,1193,3.64%,,,,,,
09-03-2023,1076.99,-7.68%,-2.40%,,1194,1.76%,,,,,,
03-03-2025,1166.59,-8.04%,-2.40%,,1195,-2.01%,,,,,,
21-01-2025,1268.63,11.20%,-2.43%,,1196,0.73%,,,,,,
16-09-2022,1140.88,5.13%,-2.48%,,1197,0.50%,,,,,,
26-09-2022,1085.25,-20.08%,-2.55%,,1198,0.12%,,,,,,
02-03-2026,1358.00,3.26%,-2.58%,,1199,0.52%,,,,,,
13-04-2026,1315.10,23.49%,-2.60%,,1200,1.12%,,,,,,
17-12-2021,1064.93,-12.22%,-2.64%,,1201,1.59%,,,,,,
06-01-2025,1213.15,13.94%,-2.65%,,1202,1.13%,,,,,,
28-09-2022,1064.76,2.75%,-2.66%,,1203,3.56%,,,,,,
20-12-2021,1036.22,-20.10%,-2.70%,,1204,0.21%,,,,,,
04-11-2024,1296.97,-7.18%,-2.73%,,1205,4.17%,,,,,,
30-01-2024,1397.28,5.95%,-2.79%,,1206,2.54%,,,,,,
23-01-2024,1318.81,10.52%,-2.84%,,1207,1.71%,,,,,,
21-10-2021,1193.27,-16.06%,-2.88%,,1208,-0.62%,,,,,,
13-03-2024,1421.65,24.46%,-2.93%,,1209,-0.68%,,,,,,
23-12-2022,1142.25,-2.27%,-2.93%,,1210,3.22%,,,,,,
01-09-2022,1168.81,6.66%,-2.94%,,1211,2.19%,,,,,,
03-12-2021,1095.78,-11.27%,-3.00%,,1212,3.07%,,,,,,
10-06-2022,1235.02,8.33%,-3.02%,,1213,3.36%,,,,,,
22-06-2022,1140.08,-19.35%,-3.04%,,1214,-1.17%,,,,,,
19-01-2026,1413.60,12.58%,-3.04%,,1215,0.30%,,,,,,
21-07-2023,1255.61,2.45%,-3.10%,,1216,-1.27%,,,,,,
04-05-2022,1225.64,-13.86%,-3.12%,,1217,1.10%,,,,,,
21-07-2025,1422.92,29.62%,-3.21%,,1218,0.35%,,,,,,
26-11-2021,1097.76,-5.45%,-3.22%,,1219,2.81%,,,,,,
07-04-2025,1161.06,-21.05%,-3.24%,,1220,-0.57%,,,,,,
30-09-2024,1470.70,5.94%,-3.25%,,1221,-0.84%,,,,,,
11-05-2026,1388.20,26.05%,-3.27%,,1222,3.82%,,,,,,
25-07-2022,1101.31,-15.59%,-3.30%,,1223,3.45%,,,,,,
06-04-2026,1304.70,-9.19%,-3.39%,,1224,2.60%,,,,,,
05-08-2024,1436.69,-3.56%,-3.47%,,1225,2.80%,,,,,,
22-07-2024,1489.65,24.15%,-3.50%,,1226,-0.91%,,,,,,
04-04-2025,1199.91,17.75%,-3.52%,,1227,3.34%,,,,,,
07-03-2022,1019.02,-11.07%,-3.70%,,1228,1.17%,,,,,,
09-05-2022,1145.86,-18.23%,-3.91%,,1229,-1.14%,,,,,,
03-10-2024,1401.38,29.52%,-3.95%,,1230,-0.06%,,,,,,
24-01-2022,1081.97,0.60%,-4.03%,,1231,0.79%,,,,,,
22-11-2021,1075.53,-28.66%,-4.43%,,1232,1.14%,,,,,,
06-01-2026,1507.60,11.83%,-4.47%,,1233,3.91%,,,,,,
27-03-2026,1348.10,31.34%,-4.60%,,1234,1.72%,,,,,,
24-02-2022,1026.39,-6.35%,-4.98%,,1235,2.35%,,,,,,
01-07-2022,1095.99,-20.98%,-7.20%,,1236,3.01%,,,,,,
04-06-2024,1387.01,55.27%,-7.49%,,1237,1.80%,,,,,,
26-05-2021,893.28,,,,,,,,,,,
